frame.number,frame.time,wlan_radio.signal_dbm
"1","Jun 24, 2020 13:54:34.361979879 AEST","-64"
"2","Jun 24, 2020 13:54:34.464917587 AEST","-64"
"3","Jun 24, 2020 13:54:34.567940861 AEST","-64"
"4","Jun 24, 2020 13:54:34.669419048 AEST","-68"
"5","Jun 24, 2020 13:54:34.771716731 AEST","-68"
"6","Jun 24, 2020 13:54:34.874116889 AEST","-68"
"7","Jun 24, 2020 13:54:34.976916363 AEST","-66"
"8","Jun 24, 2020 13:54:35.078825547 AEST","-68"
"9","Jun 24, 2020 13:54:35.181367962 AEST","-68"
"10","Jun 24, 2020 13:54:35.284711643 AEST","-72"
"11","Jun 24, 2020 13:54:35.386896397 AEST","-72"
"12","Jun 24, 2020 13:54:35.488509239 AEST","-64"
"13","Jun 24, 2020 13:54:35.590759483 AEST","-64"
"14","Jun 24, 2020 13:54:35.693213586 AEST","-60"
"15","Jun 24, 2020 13:54:35.795554963 AEST","-64"
"16","Jun 24, 2020 13:54:35.897990784 AEST","-64"
"17","Jun 24, 2020 13:54:36.000915900 AEST","-60"
"18","Jun 24, 2020 13:54:36.102809542 AEST","-56"
"19","Jun 24, 2020 13:54:36.205116475 AEST","-56"
"20","Jun 24, 2020 13:54:36.308715646 AEST","-58"
"21","Jun 24, 2020 13:54:36.411117790 AEST","-58"
"22","Jun 24, 2020 13:54:36.512408006 AEST","-56"
"23","Jun 24, 2020 13:54:36.614724902 AEST","-60"
"24","Jun 24, 2020 13:54:36.717245201 AEST","-58"
"25","Jun 24, 2020 13:54:36.819747616 AEST","-56"
"26","Jun 24, 2020 13:54:36.922153177 AEST","-58"
"27","Jun 24, 2020 13:54:37.025086119 AEST","-58"
"28","Jun 24, 2020 13:54:37.126787317 AEST","-60"
"29","Jun 24, 2020 13:54:37.229177563 AEST","-64"
"30","Jun 24, 2020 13:54:37.332741745 AEST","-64"
"31","Jun 24, 2020 13:54:37.435211192 AEST","-60"
"32","Jun 24, 2020 13:54:37.536476155 AEST","-60"
"33","Jun 24, 2020 13:54:37.638758771 AEST","-64"
"34","Jun 24, 2020 13:54:37.741192630 AEST","-60"
"35","Jun 24, 2020 13:54:37.843557768 AEST","-58"
"36","Jun 24, 2020 13:54:37.947110143 AEST","-60"
"37","Jun 24, 2020 13:54:38.048356076 AEST","-64"
"38","Jun 24, 2020 13:54:38.150762602 AEST","-72"
"39","Jun 24, 2020 13:54:38.253315456 AEST","-66"
"40","Jun 24, 2020 13:54:38.355781220 AEST","-68"
"41","Jun 24, 2020 13:54:38.457963590 AEST","-64"
"42","Jun 24, 2020 13:54:38.560378614 AEST","-68"
"43","Jun 24, 2020 13:54:38.662762048 AEST","-68"
"44","Jun 24, 2020 13:54:38.765404056 AEST","-68"
"45","Jun 24, 2020 13:54:38.867820947 AEST","-64"
"46","Jun 24, 2020 13:54:38.970104857 AEST","-64"
"47","Jun 24, 2020 13:54:39.073301523 AEST","-68"
"48","Jun 24, 2020 13:54:39.175126822 AEST","-64"
"49","Jun 24, 2020 13:54:39.277094067 AEST","-64"
"50","Jun 24, 2020 13:54:39.379526254 AEST","-64"
"51","Jun 24, 2020 13:54:39.481970370 AEST","-64"
"52","Jun 24, 2020 13:54:39.584498421 AEST","-64"
"53","Jun 24, 2020 13:54:39.686726659 AEST","-64"
"54","Jun 24, 2020 13:54:39.789321775 AEST","-64"
"55","Jun 24, 2020 13:54:39.891655302 AEST","-64"
"56","Jun 24, 2020 13:54:39.995104101 AEST","-64"
"57","Jun 24, 2020 13:54:40.116357511 AEST","-52"
"58","Jun 24, 2020 13:54:40.119728326 AEST","-56"
"59","Jun 24, 2020 13:54:40.136880944 AEST","-56"
"60","Jun 24, 2020 13:54:40.198730313 AEST","-64"
"61","Jun 24, 2020 13:54:40.301359501 AEST","-64"
"62","Jun 24, 2020 13:54:40.404364497 AEST","-64"
"63","Jun 24, 2020 13:54:40.505960180 AEST","-64"
"64","Jun 24, 2020 13:54:40.608326272 AEST","-64"
"65","Jun 24, 2020 13:54:40.710735905 AEST","-64"
"66","Jun 24, 2020 13:54:40.813392779 AEST","-64"
"67","Jun 24, 2020 13:54:40.915742591 AEST","-64"
"68","Jun 24, 2020 13:54:41.018144033 AEST","-64"
"69","Jun 24, 2020 13:54:41.121389257 AEST","-64"
"70","Jun 24, 2020 13:54:41.222733339 AEST","-64"
"71","Jun 24, 2020 13:54:41.325143900 AEST","-64"
"72","Jun 24, 2020 13:54:41.428679326 AEST","-64"
"73","Jun 24, 2020 13:54:41.531079227 AEST","-64"
"74","Jun 24, 2020 13:54:41.632457641 AEST","-64"
"75","Jun 24, 2020 13:54:41.734669299 AEST","-64"
"76","Jun 24, 2020 13:54:41.837360889 AEST","-64"
"77","Jun 24, 2020 13:54:42.043096909 AEST","-64"
"78","Jun 24, 2020 13:54:42.145424694 AEST","-64"
"79","Jun 24, 2020 13:54:42.246862890 AEST","-64"
"80","Jun 24, 2020 13:54:42.349313724 AEST","-64"
"81","Jun 24, 2020 13:54:42.452657336 AEST","-64"
"82","Jun 24, 2020 13:54:42.553903727 AEST","-64"
"83","Jun 24, 2020 13:54:42.656307498 AEST","-64"
"84","Jun 24, 2020 13:54:42.758686959 AEST","-64"
"85","Jun 24, 2020 13:54:42.964044546 AEST","-64"
"86","Jun 24, 2020 13:54:43.066151493 AEST","-64"
"87","Jun 24, 2020 13:54:43.169433379 AEST","-64"
"88","Jun 24, 2020 13:54:43.270843793 AEST","-64"
"89","Jun 24, 2020 13:54:43.373097585 AEST","-64"
"90","Jun 24, 2020 13:54:43.499741596 AEST","-64"
"91","Jun 24, 2020 13:54:43.504693119 AEST","-64"
"92","Jun 24, 2020 13:54:43.508845023 AEST","-62"
"93","Jun 24, 2020 13:54:43.514316583 AEST","-56"
"94","Jun 24, 2020 13:54:43.577934249 AEST","-64"
"95","Jun 24, 2020 13:54:43.680515553 AEST","-64"
"96","Jun 24, 2020 13:54:43.885094545 AEST","-64"
"97","Jun 24, 2020 13:54:43.988024114 AEST","-64"
"98","Jun 24, 2020 13:54:44.089826241 AEST","-64"
"99","Jun 24, 2020 13:54:44.193384133 AEST","-64"
"100","Jun 24, 2020 13:54:44.295847991 AEST","-64"
"101","Jun 24, 2020 13:54:44.397077017 AEST","-64"
"102","Jun 24, 2020 13:54:44.499758961 AEST","-64"
"103","Jun 24, 2020 13:54:44.601908772 AEST","-64"
"104","Jun 24, 2020 13:54:44.704287092 AEST","-64"
"105","Jun 24, 2020 13:54:44.807845725 AEST","-64"
"106","Jun 24, 2020 13:54:44.909092069 AEST","-64"
"107","Jun 24, 2020 13:54:45.012436280 AEST","-60"
"108","Jun 24, 2020 13:54:45.117054956 AEST","-64"
"109","Jun 24, 2020 13:54:45.318658591 AEST","-64"
"110","Jun 24, 2020 13:54:45.421035433 AEST","-64"
"111","Jun 24, 2020 13:54:45.524656175 AEST","-64"
"112","Jun 24, 2020 13:54:45.625889871 AEST","-62"
"113","Jun 24, 2020 13:54:45.728282161 AEST","-64"
"114","Jun 24, 2020 13:54:45.934830938 AEST","-64"
"115","Jun 24, 2020 13:54:46.036167569 AEST","-64"
"116","Jun 24, 2020 13:54:46.139023416 AEST","-64"
"117","Jun 24, 2020 13:54:46.240876884 AEST","-64"
"118","Jun 24, 2020 13:54:46.343846874 AEST","-64"
"119","Jun 24, 2020 13:54:46.445073799 AEST","-64"
"120","Jun 24, 2020 13:54:46.547514928 AEST","-64"
"121","Jun 24, 2020 13:54:46.649912637 AEST","-64"
"122","Jun 24, 2020 13:54:46.752279202 AEST","-64"
"123","Jun 24, 2020 13:54:46.855857188 AEST","-64"
"124","Jun 24, 2020 13:54:46.859071918 AEST","-64"
"125","Jun 24, 2020 13:54:46.870094539 AEST","-64"
"126","Jun 24, 2020 13:54:46.883494792 AEST","-58"
"127","Jun 24, 2020 13:54:46.891987628 AEST","-62"
"128","Jun 24, 2020 13:54:46.895309103 AEST","-64"
"129","Jun 24, 2020 13:54:46.898182539 AEST","-60"
"130","Jun 24, 2020 13:54:46.901064810 AEST","-64"
"131","Jun 24, 2020 13:54:46.903951053 AEST","-64"
"132","Jun 24, 2020 13:54:46.911308159 AEST","-56"
"133","Jun 24, 2020 13:54:46.914182444 AEST","-52"
"134","Jun 24, 2020 13:54:46.957104668 AEST","-64"
"135","Jun 24, 2020 13:54:47.059439521 AEST","-64"
"136","Jun 24, 2020 13:54:47.161886466 AEST","-64"
"137","Jun 24, 2020 13:54:47.265442950 AEST","-64"
"138","Jun 24, 2020 13:54:47.366688198 AEST","-64"
"139","Jun 24, 2020 13:54:47.469040480 AEST","-64"
"140","Jun 24, 2020 13:54:47.571418625 AEST","-64"
"141","Jun 24, 2020 13:54:47.674668233 AEST","-64"
"142","Jun 24, 2020 13:54:47.878875576 AEST","-64"
"143","Jun 24, 2020 13:54:47.981078548 AEST","-64"
"144","Jun 24, 2020 13:54:48.084418081 AEST","-64"
"145","Jun 24, 2020 13:54:48.187056370 AEST","-64"
"146","Jun 24, 2020 13:54:48.289428570 AEST","-64"
"147","Jun 24, 2020 13:54:48.493068910 AEST","-64"
"148","Jun 24, 2020 13:54:48.595569522 AEST","-64"
"149","Jun 24, 2020 13:54:48.698064430 AEST","-64"
"150","Jun 24, 2020 13:54:48.800419512 AEST","-64"
"151","Jun 24, 2020 13:54:48.903788569 AEST","-64"
"152","Jun 24, 2020 13:54:49.005017642 AEST","-64"
"153","Jun 24, 2020 13:54:49.108597151 AEST","-64"
"154","Jun 24, 2020 13:54:49.209814493 AEST","-64"
"155","Jun 24, 2020 13:54:49.312380719 AEST","-64"
"156","Jun 24, 2020 13:54:49.414698593 AEST","-64"
"157","Jun 24, 2020 13:54:49.517009241 AEST","-64"
"158","Jun 24, 2020 13:54:49.620604173 AEST","-64"
"159","Jun 24, 2020 13:54:49.824555296 AEST","-64"
"160","Jun 24, 2020 13:54:49.926811625 AEST","-64"
"161","Jun 24, 2020 13:54:50.028998692 AEST","-64"
"162","Jun 24, 2020 13:54:50.131507774 AEST","-64"
"163","Jun 24, 2020 13:54:50.233838861 AEST","-64"
"164","Jun 24, 2020 13:54:50.337386358 AEST","-64"
"165","Jun 24, 2020 13:54:50.439072708 AEST","-64"
"166","Jun 24, 2020 13:54:50.541028462 AEST","-64"
"167","Jun 24, 2020 13:54:50.643637428 AEST","-64"
"168","Jun 24, 2020 13:54:50.745943209 AEST","-64"
"169","Jun 24, 2020 13:54:50.848203452 AEST","-62"
"170","Jun 24, 2020 13:54:50.951803378 AEST","-64"
"171","Jun 24, 2020 13:54:51.053041500 AEST","-64"
"172","Jun 24, 2020 13:54:51.155431443 AEST","-64"
"173","Jun 24, 2020 13:54:51.260122698 AEST","-64"
"174","Jun 24, 2020 13:54:51.360284955 AEST","-64"
"175","Jun 24, 2020 13:54:51.420591267 AEST","-52"
"176","Jun 24, 2020 13:54:51.440495128 AEST","-52"
"177","Jun 24, 2020 13:54:51.462644428 AEST","-64"
"178","Jun 24, 2020 13:54:51.564986671 AEST","-64"
"179","Jun 24, 2020 13:54:51.667557222 AEST","-64"
"180","Jun 24, 2020 13:54:51.770961201 AEST","-64"
"181","Jun 24, 2020 13:54:51.873359162 AEST","-64"
"182","Jun 24, 2020 13:54:51.974775440 AEST","-64"
"183","Jun 24, 2020 13:54:52.077019817 AEST","-64"
"184","Jun 24, 2020 13:54:52.180487417 AEST","-64"
"185","Jun 24, 2020 13:54:52.281967956 AEST","-64"
"186","Jun 24, 2020 13:54:52.385363066 AEST","-64"
"187","Jun 24, 2020 13:54:52.487389326 AEST","-64"
"188","Jun 24, 2020 13:54:52.589016886 AEST","-64"
"189","Jun 24, 2020 13:54:52.691571368 AEST","-64"
"190","Jun 24, 2020 13:54:52.793931861 AEST","-64"
"191","Jun 24, 2020 13:54:52.896836322 AEST","-64"
"192","Jun 24, 2020 13:54:52.999757302 AEST","-64"
"193","Jun 24, 2020 13:54:53.101441551 AEST","-64"
"194","Jun 24, 2020 13:54:53.203415297 AEST","-64"
"195","Jun 24, 2020 13:54:53.305979407 AEST","-64"
"196","Jun 24, 2020 13:54:53.408196349 AEST","-62"
"197","Jun 24, 2020 13:54:53.510648463 AEST","-64"
"198","Jun 24, 2020 13:54:53.613034575 AEST","-60"
"199","Jun 24, 2020 13:54:53.715418778 AEST","-64"
"200","Jun 24, 2020 13:54:53.818965181 AEST","-64"
"201","Jun 24, 2020 13:54:53.921376676 AEST","-64"
"202","Jun 24, 2020 13:54:54.125049564 AEST","-64"
"203","Jun 24, 2020 13:54:54.227437334 AEST","-64"
"204","Jun 24, 2020 13:54:54.433347093 AEST","-64"
"205","Jun 24, 2020 13:54:54.535658942 AEST","-64"
"206","Jun 24, 2020 13:54:54.637137336 AEST","-64"
"207","Jun 24, 2020 13:54:54.739481210 AEST","-64"
"208","Jun 24, 2020 13:54:54.841927093 AEST","-64"
"209","Jun 24, 2020 13:54:54.944619853 AEST","-64"
"210","Jun 24, 2020 13:54:54.976574333 AEST","-64"
"211","Jun 24, 2020 13:54:54.979769481 AEST","-56"
"212","Jun 24, 2020 13:54:54.984253469 AEST","-52"
"213","Jun 24, 2020 13:54:54.987212738 AEST","-60"
"214","Jun 24, 2020 13:54:54.989041032 AEST","-64"
"215","Jun 24, 2020 13:54:54.992591901 AEST","-64"
"216","Jun 24, 2020 13:54:54.995015323 AEST","-64"
"217","Jun 24, 2020 13:54:55.009569615 AEST","-56"
"218","Jun 24, 2020 13:54:55.012436564 AEST","-52"
"219","Jun 24, 2020 13:54:55.015528895 AEST","-52"
"220","Jun 24, 2020 13:54:55.018672687 AEST","-52"
"221","Jun 24, 2020 13:54:55.023550286 AEST","-52"
"222","Jun 24, 2020 13:54:55.026256160 AEST","-52"
"223","Jun 24, 2020 13:54:55.047732428 AEST","-64"
"224","Jun 24, 2020 13:54:55.149434451 AEST","-64"
"225","Jun 24, 2020 13:54:55.251359832 AEST","-64"
"226","Jun 24, 2020 13:54:55.353798521 AEST","-60"
"227","Jun 24, 2020 13:54:55.456994271 AEST","-64"
"228","Jun 24, 2020 13:54:55.558786130 AEST","-64"
"229","Jun 24, 2020 13:54:55.660977176 AEST","-64"
"230","Jun 24, 2020 13:54:55.763368041 AEST","-64"
"231","Jun 24, 2020 13:54:55.866936154 AEST","-64"
"232","Jun 24, 2020 13:54:55.969362903 AEST","-64"
"233","Jun 24, 2020 13:54:56.070774350 AEST","-64"
"234","Jun 24, 2020 13:54:56.173098065 AEST","-64"
"235","Jun 24, 2020 13:54:56.275391124 AEST","-64"
"236","Jun 24, 2020 13:54:56.377774384 AEST","-64"
"237","Jun 24, 2020 13:54:56.481385361 AEST","-64"
"238","Jun 24, 2020 13:54:56.684994543 AEST","-64"
"239","Jun 24, 2020 13:54:56.787388795 AEST","-64"
"240","Jun 24, 2020 13:54:56.889941089 AEST","-64"
"241","Jun 24, 2020 13:54:56.993199530 AEST","-64"
"242","Jun 24, 2020 13:54:57.095865783 AEST","-64"
"243","Jun 24, 2020 13:54:57.197397059 AEST","-64"
"244","Jun 24, 2020 13:54:57.299355383 AEST","-64"
"245","Jun 24, 2020 13:54:57.402248561 AEST","-64"
"246","Jun 24, 2020 13:54:57.504343890 AEST","-64"
"247","Jun 24, 2020 13:54:57.606962388 AEST","-64"
"248","Jun 24, 2020 13:54:57.811342885 AEST","-64"
"249","Jun 24, 2020 13:54:57.913869265 AEST","-58"
"250","Jun 24, 2020 13:54:58.016168623 AEST","-64"
"251","Jun 24, 2020 13:54:58.220973970 AEST","-64"
"252","Jun 24, 2020 13:54:58.323320103 AEST","-64"
"253","Jun 24, 2020 13:54:58.425737587 AEST","-64"
"254","Jun 24, 2020 13:54:58.631695028 AEST","-64"
"255","Jun 24, 2020 13:54:58.733082918 AEST","-62"
"256","Jun 24, 2020 13:54:58.835549366 AEST","-64"
"257","Jun 24, 2020 13:54:58.839065788 AEST","-56"
"258","Jun 24, 2020 13:54:58.842662550 AEST","-62"
"259","Jun 24, 2020 13:54:58.845495745 AEST","-60"
"260","Jun 24, 2020 13:54:58.848940194 AEST","-64"
"261","Jun 24, 2020 13:54:58.852386265 AEST","-64"
"262","Jun 24, 2020 13:54:58.856056410 AEST","-64"
"263","Jun 24, 2020 13:54:58.881594628 AEST","-64"
"264","Jun 24, 2020 13:54:58.885375127 AEST","-64"
"265","Jun 24, 2020 13:54:58.889139815 AEST","-64"
"266","Jun 24, 2020 13:54:58.892648495 AEST","-64"
"267","Jun 24, 2020 13:54:58.895625222 AEST","-64"
"268","Jun 24, 2020 13:54:58.898524121 AEST","-64"
"269","Jun 24, 2020 13:54:58.937936614 AEST","-60"
"270","Jun 24, 2020 13:54:59.041326110 AEST","-64"
"271","Jun 24, 2020 13:54:59.142622831 AEST","-64"
"272","Jun 24, 2020 13:54:59.244957269 AEST","-64"
"273","Jun 24, 2020 13:54:59.347339351 AEST","-64"
"274","Jun 24, 2020 13:54:59.449767067 AEST","-64"
"275","Jun 24, 2020 13:54:59.552279286 AEST","-64"
"276","Jun 24, 2020 13:54:59.655141181 AEST","-64"
"277","Jun 24, 2020 13:54:59.757062753 AEST","-64"
"278","Jun 24, 2020 13:54:59.859286699 AEST","-64"
"279","Jun 24, 2020 13:54:59.961854665 AEST","-64"
"280","Jun 24, 2020 13:55:00.064513408 AEST","-64"
"281","Jun 24, 2020 13:55:00.166666573 AEST","-64"
"282","Jun 24, 2020 13:55:00.268895053 AEST","-64"
"283","Jun 24, 2020 13:55:00.349557332 AEST","-64"
"284","Jun 24, 2020 13:55:00.352397169 AEST","-64"
"285","Jun 24, 2020 13:55:00.355244168 AEST","-64"
"286","Jun 24, 2020 13:55:00.358372897 AEST","-64"
"287","Jun 24, 2020 13:55:00.361300114 AEST","-64"
"288","Jun 24, 2020 13:55:00.364165428 AEST","-64"
"289","Jun 24, 2020 13:55:00.367430195 AEST","-64"
"290","Jun 24, 2020 13:55:00.371582030 AEST","-64"
"291","Jun 24, 2020 13:55:00.474423432 AEST","-60"
"292","Jun 24, 2020 13:55:00.577317478 AEST","-64"
"293","Jun 24, 2020 13:55:00.679680770 AEST","-60"
"294","Jun 24, 2020 13:55:00.781388423 AEST","-60"
"295","Jun 24, 2020 13:55:00.883332294 AEST","-64"
"296","Jun 24, 2020 13:55:00.985882259 AEST","-64"
"297","Jun 24, 2020 13:55:01.088253593 AEST","-64"
"298","Jun 24, 2020 13:55:01.190579080 AEST","-64"
"299","Jun 24, 2020 13:55:01.293425738 AEST","-64"
"300","Jun 24, 2020 13:55:01.395317061 AEST","-64"
"301","Jun 24, 2020 13:55:01.497880555 AEST","-64"
"302","Jun 24, 2020 13:55:01.600277348 AEST","-64"
"303","Jun 24, 2020 13:55:01.703392684 AEST","-60"
"304","Jun 24, 2020 13:55:01.804937555 AEST","-64"
"305","Jun 24, 2020 13:55:01.908100101 AEST","-64"
"306","Jun 24, 2020 13:55:02.009742203 AEST","-64"
"307","Jun 24, 2020 13:55:02.112831904 AEST","-64"
"308","Jun 24, 2020 13:55:02.214490967 AEST","-64"
"309","Jun 24, 2020 13:55:02.317024826 AEST","-64"
"310","Jun 24, 2020 13:55:02.419382689 AEST","-64"
"311","Jun 24, 2020 13:55:02.525426043 AEST","-64"
"312","Jun 24, 2020 13:55:02.731492217 AEST","-64"
"313","Jun 24, 2020 13:55:02.829629257 AEST","-64"
"314","Jun 24, 2020 13:55:03.033932402 AEST","-64"
"315","Jun 24, 2020 13:55:03.238509761 AEST","-64"
"316","Jun 24, 2020 13:55:03.340918915 AEST","-64"
"317","Jun 24, 2020 13:55:03.444142717 AEST","-64"
"318","Jun 24, 2020 13:55:03.750644396 AEST","-64"
"319","Jun 24, 2020 13:55:03.784918100 AEST","-56"
"320","Jun 24, 2020 13:55:03.799075146 AEST","-56"
"321","Jun 24, 2020 13:55:03.853390465 AEST","-64"
"322","Jun 24, 2020 13:55:03.955497554 AEST","-64"
"323","Jun 24, 2020 13:55:04.057701432 AEST","-64"
"324","Jun 24, 2020 13:55:04.160122474 AEST","-64"
"325","Jun 24, 2020 13:55:04.263306036 AEST","-64"
"326","Jun 24, 2020 13:55:04.364941874 AEST","-64"
"327","Jun 24, 2020 13:55:04.467590387 AEST","-64"
"328","Jun 24, 2020 13:55:04.569750845 AEST","-64"
"329","Jun 24, 2020 13:55:04.673294296 AEST","-64"
"330","Jun 24, 2020 13:55:04.775666825 AEST","-64"
"331","Jun 24, 2020 13:55:04.979496537 AEST","-64"
"332","Jun 24, 2020 13:55:05.082007712 AEST","-64"
"333","Jun 24, 2020 13:55:05.184366029 AEST","-64"
"334","Jun 24, 2020 13:55:05.286715933 AEST","-64"
"335","Jun 24, 2020 13:55:05.389363574 AEST","-64"
"336","Jun 24, 2020 13:55:05.593689747 AEST","-64"
"337","Jun 24, 2020 13:55:05.798506001 AEST","-64"
"338","Jun 24, 2020 13:55:05.901390531 AEST","-64"
"339","Jun 24, 2020 13:55:06.004432004 AEST","-64"
"340","Jun 24, 2020 13:55:06.105683373 AEST","-64"
"341","Jun 24, 2020 13:55:06.208047637 AEST","-64"
"342","Jun 24, 2020 13:55:06.310483638 AEST","-64"
"343","Jun 24, 2020 13:55:06.413019229 AEST","-64"
"344","Jun 24, 2020 13:55:06.515536365 AEST","-64"
"345","Jun 24, 2020 13:55:06.617667299 AEST","-64"
"346","Jun 24, 2020 13:55:06.720441873 AEST","-64"
"347","Jun 24, 2020 13:55:06.822769989 AEST","-64"
"348","Jun 24, 2020 13:55:06.924905611 AEST","-60"
"349","Jun 24, 2020 13:55:07.027242986 AEST","-64"
"350","Jun 24, 2020 13:55:07.438067109 AEST","-64"
"351","Jun 24, 2020 13:55:07.641923538 AEST","-64"
"352","Jun 24, 2020 13:55:07.744233730 AEST","-64"
"353","Jun 24, 2020 13:55:07.846596541 AEST","-64"
"354","Jun 24, 2020 13:55:08.051366922 AEST","-64"
"355","Jun 24, 2020 13:55:08.153601708 AEST","-64"
"356","Jun 24, 2020 13:55:08.256088808 AEST","-64"
"357","Jun 24, 2020 13:55:08.358473624 AEST","-64"
"358","Jun 24, 2020 13:55:08.460900653 AEST","-64"
"359","Jun 24, 2020 13:55:08.563978643 AEST","-64"
"360","Jun 24, 2020 13:55:08.665582252 AEST","-64"
"361","Jun 24, 2020 13:55:08.769361755 AEST","-64"
"362","Jun 24, 2020 13:55:08.871626119 AEST","-64"
"363","Jun 24, 2020 13:55:08.973432679 AEST","-64"
"364","Jun 24, 2020 13:55:09.076023585 AEST","-64"
"365","Jun 24, 2020 13:55:09.177633118 AEST","-64"
"366","Jun 24, 2020 13:55:09.280069013 AEST","-64"
"367","Jun 24, 2020 13:55:09.382449839 AEST","-64"
"368","Jun 24, 2020 13:55:09.485331839 AEST","-64"
"369","Jun 24, 2020 13:55:09.588430550 AEST","-64"
"370","Jun 24, 2020 13:55:09.689592048 AEST","-64"
"371","Jun 24, 2020 13:55:09.792223018 AEST","-64"
"372","Jun 24, 2020 13:55:09.894703174 AEST","-64"
"373","Jun 24, 2020 13:55:09.997318489 AEST","-64"
"374","Jun 24, 2020 13:55:10.099736546 AEST","-64"
"375","Jun 24, 2020 13:55:10.201600065 AEST","-64"
"376","Jun 24, 2020 13:55:10.303996978 AEST","-64"
"377","Jun 24, 2020 13:55:10.406582412 AEST","-64"
"378","Jun 24, 2020 13:55:10.509035712 AEST","-64"
"379","Jun 24, 2020 13:55:10.611361435 AEST","-64"
"380","Jun 24, 2020 13:55:10.713675202 AEST","-64"
"381","Jun 24, 2020 13:55:10.817205217 AEST","-64"
"382","Jun 24, 2020 13:55:10.918425777 AEST","-64"
"383","Jun 24, 2020 13:55:11.123340922 AEST","-64"
"384","Jun 24, 2020 13:55:11.225585449 AEST","-64"
"385","Jun 24, 2020 13:55:11.430470084 AEST","-64"
"386","Jun 24, 2020 13:55:11.636426226 AEST","-64"
"387","Jun 24, 2020 13:55:11.737573803 AEST","-64"
"388","Jun 24, 2020 13:55:11.840426823 AEST","-64"
"389","Jun 24, 2020 13:55:11.942858138 AEST","-64"
"390","Jun 24, 2020 13:55:12.044791057 AEST","-60"
"391","Jun 24, 2020 13:55:12.147254396 AEST","-64"
"392","Jun 24, 2020 13:55:12.249622567 AEST","-64"
"393","Jun 24, 2020 13:55:12.352379606 AEST","-64"
"394","Jun 24, 2020 13:55:12.455544299 AEST","-64"
"395","Jun 24, 2020 13:55:12.556981397 AEST","-64"
"396","Jun 24, 2020 13:55:12.659183649 AEST","-64"
"397","Jun 24, 2020 13:55:12.761614944 AEST","-62"
"398","Jun 24, 2020 13:55:12.864032828 AEST","-64"
"399","Jun 24, 2020 13:55:12.966472402 AEST","-64"
"400","Jun 24, 2020 13:55:13.069392235 AEST","-64"
"401","Jun 24, 2020 13:55:13.172358810 AEST","-64"
"402","Jun 24, 2020 13:55:13.273599235 AEST","-64"
"403","Jun 24, 2020 13:55:13.375949111 AEST","-64"
"404","Jun 24, 2020 13:55:13.581386861 AEST","-64"
"405","Jun 24, 2020 13:55:13.684527466 AEST","-64"
"406","Jun 24, 2020 13:55:13.704626881 AEST","-64"
"407","Jun 24, 2020 13:55:13.715113414 AEST","-54"
"408","Jun 24, 2020 13:55:13.717946548 AEST","-56"
"409","Jun 24, 2020 13:55:13.726006948 AEST","-56"
"410","Jun 24, 2020 13:55:13.745429290 AEST","-56"
"411","Jun 24, 2020 13:55:13.752548365 AEST","-50"
"412","Jun 24, 2020 13:55:13.755129947 AEST","-50"
"413","Jun 24, 2020 13:55:13.758563810 AEST","-64"
"414","Jun 24, 2020 13:55:13.769306021 AEST","-56"
"415","Jun 24, 2020 13:55:13.772145936 AEST","-56"
"416","Jun 24, 2020 13:55:13.888030479 AEST","-64"
"417","Jun 24, 2020 13:55:13.990412610 AEST","-64"
"418","Jun 24, 2020 13:55:14.092846336 AEST","-64"
"419","Jun 24, 2020 13:55:14.195194702 AEST","-64"
"420","Jun 24, 2020 13:55:14.297620270 AEST","-64"
"421","Jun 24, 2020 13:55:14.400190855 AEST","-64"
"422","Jun 24, 2020 13:55:14.502663187 AEST","-64"
"423","Jun 24, 2020 13:55:14.604975666 AEST","-64"
"424","Jun 24, 2020 13:55:14.707196400 AEST","-64"
"425","Jun 24, 2020 13:55:14.809571063 AEST","-64"
"426","Jun 24, 2020 13:55:14.912468240 AEST","-64"
"427","Jun 24, 2020 13:55:15.015542543 AEST","-64"
"428","Jun 24, 2020 13:55:15.117429793 AEST","-64"
"429","Jun 24, 2020 13:55:15.219203249 AEST","-64"
"430","Jun 24, 2020 13:55:15.321580304 AEST","-64"
"431","Jun 24, 2020 13:55:15.423955249 AEST","-64"
"432","Jun 24, 2020 13:55:15.526403531 AEST","-64"
"433","Jun 24, 2020 13:55:15.629422422 AEST","-64"
"434","Jun 24, 2020 13:55:15.731650318 AEST","-64"
"435","Jun 24, 2020 13:55:15.833578617 AEST","-64"
"436","Jun 24, 2020 13:55:15.937068017 AEST","-64"
"437","Jun 24, 2020 13:55:16.140765269 AEST","-64"
"438","Jun 24, 2020 13:55:16.243157074 AEST","-64"
"439","Jun 24, 2020 13:55:16.345564322 AEST","-64"
"440","Jun 24, 2020 13:55:16.447945971 AEST","-64"
"441","Jun 24, 2020 13:55:16.550997171 AEST","-62"
"442","Jun 24, 2020 13:55:16.653140750 AEST","-64"
"443","Jun 24, 2020 13:55:16.755196815 AEST","-64"
"444","Jun 24, 2020 13:55:16.857543257 AEST","-64"
"445","Jun 24, 2020 13:55:16.881323600 AEST","-56"
"446","Jun 24, 2020 13:55:16.893360940 AEST","-52"
"447","Jun 24, 2020 13:55:16.914170567 AEST","-64"
"448","Jun 24, 2020 13:55:16.959975100 AEST","-64"
"449","Jun 24, 2020 13:55:17.063538267 AEST","-60"
"450","Jun 24, 2020 13:55:17.165425083 AEST","-64"
"451","Jun 24, 2020 13:55:17.268344291 AEST","-64"
"452","Jun 24, 2020 13:55:17.369541958 AEST","-64"
"453","Jun 24, 2020 13:55:17.471949359 AEST","-64"
"454","Jun 24, 2020 13:55:17.677386078 AEST","-64"
"455","Jun 24, 2020 13:55:17.780325327 AEST","-64"
"456","Jun 24, 2020 13:55:17.881574357 AEST","-64"
"457","Jun 24, 2020 13:55:17.984118125 AEST","-64"
"458","Jun 24, 2020 13:55:18.086505434 AEST","-62"
"459","Jun 24, 2020 13:55:18.188879554 AEST","-64"
"460","Jun 24, 2020 13:55:18.291168825 AEST","-64"
"461","Jun 24, 2020 13:55:18.393759774 AEST","-64"
"462","Jun 24, 2020 13:55:18.496135173 AEST","-64"
"463","Jun 24, 2020 13:55:18.599305928 AEST","-64"
"464","Jun 24, 2020 13:55:18.700767895 AEST","-60"
"465","Jun 24, 2020 13:55:18.803284032 AEST","-64"
"466","Jun 24, 2020 13:55:18.905520294 AEST","-64"
"467","Jun 24, 2020 13:55:19.111474678 AEST","-64"
"468","Jun 24, 2020 13:55:19.212724287 AEST","-64"
"469","Jun 24, 2020 13:55:19.315323228 AEST","-64"
"470","Jun 24, 2020 13:55:19.417577827 AEST","-64"
"471","Jun 24, 2020 13:55:19.519904261 AEST","-64"
"472","Jun 24, 2020 13:55:19.623327272 AEST","-64"
"473","Jun 24, 2020 13:55:19.724741876 AEST","-64"
"474","Jun 24, 2020 13:55:19.828282235 AEST","-64"
"475","Jun 24, 2020 13:55:19.930679399 AEST","-64"
"476","Jun 24, 2020 13:55:20.033584402 AEST","-64"
"477","Jun 24, 2020 13:55:20.135989883 AEST","-64"
"478","Jun 24, 2020 13:55:20.237045378 AEST","-64"
"479","Jun 24, 2020 13:55:20.341419272 AEST","-64"
"480","Jun 24, 2020 13:55:20.441677966 AEST","-64"
"481","Jun 24, 2020 13:55:20.543918882 AEST","-64"
"482","Jun 24, 2020 13:55:20.646286088 AEST","-64"
"483","Jun 24, 2020 13:55:20.749389477 AEST","-60"
"484","Jun 24, 2020 13:55:20.953537950 AEST","-64"
"485","Jun 24, 2020 13:55:21.055907502 AEST","-64"
"486","Jun 24, 2020 13:55:21.158547553 AEST","-62"
"487","Jun 24, 2020 13:55:21.260749273 AEST","-64"
"488","Jun 24, 2020 13:55:21.363127135 AEST","-64"
"489","Jun 24, 2020 13:55:21.465544308 AEST","-64"
"490","Jun 24, 2020 13:55:21.567874591 AEST","-64"
"491","Jun 24, 2020 13:55:21.876256200 AEST","-64"
"492","Jun 24, 2020 13:55:21.977516269 AEST","-64"
"493","Jun 24, 2020 13:55:22.079853184 AEST","-64"
"494","Jun 24, 2020 13:55:22.182491351 AEST","-64"
"495","Jun 24, 2020 13:55:22.284790409 AEST","-64"
"496","Jun 24, 2020 13:55:22.387430629 AEST","-64"
"497","Jun 24, 2020 13:55:22.489502347 AEST","-64"
"498","Jun 24, 2020 13:55:22.591919705 AEST","-64"
"499","Jun 24, 2020 13:55:22.695443061 AEST","-64"
"500","Jun 24, 2020 13:55:22.797882016 AEST","-64"
"501","Jun 24, 2020 13:55:22.899309643 AEST","-64"
"502","Jun 24, 2020 13:55:23.001545334 AEST","-62"
"503","Jun 24, 2020 13:55:23.103923717 AEST","-64"
"504","Jun 24, 2020 13:55:23.206258625 AEST","-64"
"505","Jun 24, 2020 13:55:23.309415327 AEST","-64"
"506","Jun 24, 2020 13:55:23.412024750 AEST","-64"
"507","Jun 24, 2020 13:55:23.514188970 AEST","-64"
"508","Jun 24, 2020 13:55:23.615922587 AEST","-64"
"509","Jun 24, 2020 13:55:23.718263565 AEST","-64"
"510","Jun 24, 2020 13:55:23.820706946 AEST","-64"
"511","Jun 24, 2020 13:55:23.924244971 AEST","-60"
"512","Jun 24, 2020 13:55:24.025544074 AEST","-64"
"513","Jun 24, 2020 13:55:24.230421236 AEST","-64"
"514","Jun 24, 2020 13:55:24.333275894 AEST","-64"
"515","Jun 24, 2020 13:55:24.435755781 AEST","-64"
"516","Jun 24, 2020 13:55:24.537526858 AEST","-64"
"517","Jun 24, 2020 13:55:24.639944957 AEST","-64"
"518","Jun 24, 2020 13:55:24.742492884 AEST","-60"
"519","Jun 24, 2020 13:55:24.845854746 AEST","-64"
"520","Jun 24, 2020 13:55:24.947297794 AEST","-64"
"521","Jun 24, 2020 13:55:25.049458558 AEST","-60"
"522","Jun 24, 2020 13:55:25.153636905 AEST","-64"
"523","Jun 24, 2020 13:55:25.254538347 AEST","-64"
"524","Jun 24, 2020 13:55:25.459160453 AEST","-64"
"525","Jun 24, 2020 13:55:25.561516567 AEST","-64"
"526","Jun 24, 2020 13:55:25.663840587 AEST","-64"
"527","Jun 24, 2020 13:55:25.868667577 AEST","-64"
"528","Jun 24, 2020 13:55:25.972959621 AEST","-64"
"529","Jun 24, 2020 13:55:26.073507917 AEST","-60"
"530","Jun 24, 2020 13:55:26.175866292 AEST","-64"
"531","Jun 24, 2020 13:55:26.278393409 AEST","-64"
"532","Jun 24, 2020 13:55:26.380823910 AEST","-64"
"533","Jun 24, 2020 13:55:26.483088499 AEST","-64"
"534","Jun 24, 2020 13:55:26.585760623 AEST","-64"
"535","Jun 24, 2020 13:55:26.687856353 AEST","-64"
"536","Jun 24, 2020 13:55:26.790911746 AEST","-64"
"537","Jun 24, 2020 13:55:26.893821738 AEST","-64"
"538","Jun 24, 2020 13:55:26.995350516 AEST","-64"
"539","Jun 24, 2020 13:55:27.097487911 AEST","-64"
"540","Jun 24, 2020 13:55:27.201674366 AEST","-64"
"541","Jun 24, 2020 13:55:27.302286762 AEST","-64"
"542","Jun 24, 2020 13:55:27.404697186 AEST","-64"
"543","Jun 24, 2020 13:55:27.507083437 AEST","-64"
"544","Jun 24, 2020 13:55:27.609469488 AEST","-64"
"545","Jun 24, 2020 13:55:27.712352445 AEST","-64"
"546","Jun 24, 2020 13:55:27.916665561 AEST","-64"
"547","Jun 24, 2020 13:55:28.019270476 AEST","-60"
"548","Jun 24, 2020 13:55:28.121441279 AEST","-64"
"549","Jun 24, 2020 13:55:28.223850392 AEST","-64"
"550","Jun 24, 2020 13:55:28.326529949 AEST","-64"
"551","Jun 24, 2020 13:55:28.428654544 AEST","-64"
"552","Jun 24, 2020 13:55:28.532117088 AEST","-64"
"553","Jun 24, 2020 13:55:28.633485761 AEST","-62"
"554","Jun 24, 2020 13:55:28.735872766 AEST","-64"
"555","Jun 24, 2020 13:55:28.839385684 AEST","-64"
"556","Jun 24, 2020 13:55:29.043340451 AEST","-64"
"557","Jun 24, 2020 13:55:29.145642412 AEST","-64"
"558","Jun 24, 2020 13:55:29.247845757 AEST","-64"
"559","Jun 24, 2020 13:55:29.350261348 AEST","-64"
"560","Jun 24, 2020 13:55:29.453786761 AEST","-64"
"561","Jun 24, 2020 13:55:29.556219891 AEST","-64"
"562","Jun 24, 2020 13:55:29.657496992 AEST","-64"
"563","Jun 24, 2020 13:55:29.862262447 AEST","-64"
"564","Jun 24, 2020 13:55:29.964619079 AEST","-64"
"565","Jun 24, 2020 13:55:30.169542447 AEST","-64"
"566","Jun 24, 2020 13:55:30.271840660 AEST","-64"
"567","Jun 24, 2020 13:55:30.374235058 AEST","-64"
"568","Jun 24, 2020 13:55:30.476824112 AEST","-64"
"569","Jun 24, 2020 13:55:30.580285640 AEST","-64"
"570","Jun 24, 2020 13:55:30.681448897 AEST","-64"
"571","Jun 24, 2020 13:55:30.783867522 AEST","-64"
"572","Jun 24, 2020 13:55:30.886343536 AEST","-64"
"573","Jun 24, 2020 13:55:30.989147823 AEST","-64"
"574","Jun 24, 2020 13:55:31.091304535 AEST","-64"
"575","Jun 24, 2020 13:55:31.193495725 AEST","-64"
"576","Jun 24, 2020 13:55:31.295794843 AEST","-64"
"577","Jun 24, 2020 13:55:31.398399071 AEST","-64"
"578","Jun 24, 2020 13:55:31.501391544 AEST","-64"
"579","Jun 24, 2020 13:55:31.602950004 AEST","-64"
"580","Jun 24, 2020 13:55:31.705386938 AEST","-64"
"581","Jun 24, 2020 13:55:31.910241484 AEST","-64"
"582","Jun 24, 2020 13:55:32.012609977 AEST","-60"
"583","Jun 24, 2020 13:55:32.115797305 AEST","-64"
"584","Jun 24, 2020 13:55:32.217415478 AEST","-64"
"585","Jun 24, 2020 13:55:32.319806820 AEST","-64"
"586","Jun 24, 2020 13:55:32.423354570 AEST","-64"
"587","Jun 24, 2020 13:55:32.524806749 AEST","-64"
"588","Jun 24, 2020 13:55:32.628495849 AEST","-62"
"589","Jun 24, 2020 13:55:32.735150974 AEST","-64"
"590","Jun 24, 2020 13:55:32.832941077 AEST","-64"
"591","Jun 24, 2020 13:55:32.937722438 AEST","-64"
"592","Jun 24, 2020 13:55:33.042513004 AEST","-60"
"593","Jun 24, 2020 13:55:33.241375746 AEST","-64"
"594","Jun 24, 2020 13:55:33.343795263 AEST","-64"
"595","Jun 24, 2020 13:55:33.446784043 AEST","-64"
"596","Jun 24, 2020 13:55:33.548556288 AEST","-64"
"597","Jun 24, 2020 13:55:33.652158976 AEST","-64"
"598","Jun 24, 2020 13:55:33.753407695 AEST","-64"
"599","Jun 24, 2020 13:55:33.855781703 AEST","-64"
"600","Jun 24, 2020 13:55:33.958197486 AEST","-64"
"601","Jun 24, 2020 13:55:34.060598628 AEST","-64"
"602","Jun 24, 2020 13:55:34.164158566 AEST","-64"
"603","Jun 24, 2020 13:55:34.265400236 AEST","-64"
