frame.number,frame.time,wlan_radio.signal_dbm,wlan_radio.11n.mcs_index,wlan_radio.data_rate,wlan_radio.11n.greenfield
"1","Jul  2, 2020 22:18:05.081701000 AEST","-24","15","144.444","0"
"2","Jul  2, 2020 22:18:05.082001000 AEST","-24","15","144.444","0"
"3","Jul  2, 2020 22:18:06.076342000 AEST","-24","15","144.444","0"
"4","Jul  2, 2020 22:18:06.185594000 AEST","-24","15","144.444","0"
"5","Jul  2, 2020 22:18:07.334379000 AEST","-24","15","144.444","0"
"6","Jul  2, 2020 22:18:07.935552000 AEST","-24","15","144.444","0"
"7","Jul  2, 2020 22:18:07.937641000 AEST","-24","15","144.444","0"
"8","Jul  2, 2020 22:18:08.001643000 AEST","-24","15","144.444","0"
"9","Jul  2, 2020 22:18:08.358562000 AEST","-24","15","144.444","0"
"10","Jul  2, 2020 22:18:08.760630000 AEST","-24","15","144.444","0"
"11","Jul  2, 2020 22:18:08.761017000 AEST","-24","15","144.444","0"
"12","Jul  2, 2020 22:18:09.896518000 AEST","-25","15","144.444","0"
"13","Jul  2, 2020 22:18:10.077117000 AEST","-24","15","144.444","0"
"14","Jul  2, 2020 22:18:10.132611000 AEST","-24","15","144.444","0"
"15","Jul  2, 2020 22:18:10.148658000 AEST","-24","15","144.444","0"
"16","Jul  2, 2020 22:18:10.188732000 AEST","-24","15","144.444","0"
"17","Jul  2, 2020 22:18:10.189626000 AEST","-24","15","144.444","0"
"18","Jul  2, 2020 22:18:10.227558000 AEST","-24","15","144.444","0"
"19","Jul  2, 2020 22:18:10.279611000 AEST","-24","15","144.444","0"
"20","Jul  2, 2020 22:18:10.327712000 AEST","-24","15","144.444","0"
"21","Jul  2, 2020 22:18:10.328023000 AEST","-23","15","144.444","0"
"22","Jul  2, 2020 22:18:10.329428000 AEST","-24","15","144.444","0"
"23","Jul  2, 2020 22:18:10.397076000 AEST","-24","15","144.444","0"
"24","Jul  2, 2020 22:18:11.131554000 AEST","-24","15","144.444","0"
"25","Jul  2, 2020 22:18:11.945603000 AEST","-25","15","144.444","0"
"26","Jul  2, 2020 22:18:12.132199000 AEST","-25","15","144.444","0"
"27","Jul  2, 2020 22:18:13.133574000 AEST","-25","15","144.444","0"
"28","Jul  2, 2020 22:18:13.268555000 AEST","-25","15","144.444","0"
"29","Jul  2, 2020 22:18:13.778549000 AEST","-24","15","144.444","0"
"30","Jul  2, 2020 22:18:13.809810000 AEST","-24","15","144.444","0"
"31","Jul  2, 2020 22:18:13.816532000 AEST","-24","15","144.444","0"
"32","Jul  2, 2020 22:18:14.017536000 AEST","-24","15","144.444","0"
"33","Jul  2, 2020 22:18:14.133869000 AEST","-24","15","144.444","0"
"34","Jul  2, 2020 22:18:14.168603000 AEST","-24","15","144.444","0"
"35","Jul  2, 2020 22:18:14.477547000 AEST","-25","15","144.444","0"
"36","Jul  2, 2020 22:18:14.716394000 AEST","-23","15","144.444","0"
"37","Jul  2, 2020 22:18:15.149083000 AEST","-23","15","144.444","0"
"38","Jul  2, 2020 22:18:15.448582000 AEST","-22","15","144.444","0"
"39","Jul  2, 2020 22:18:15.478390000 AEST","-23","15","144.444","0"
"40","Jul  2, 2020 22:18:15.662664000 AEST","-22","15","144.444","0"
"41","Jul  2, 2020 22:18:15.678534000 AEST","-22","15","144.444","0"
"42","Jul  2, 2020 22:18:15.708295000 AEST","-22","15","144.444","0"
"43","Jul  2, 2020 22:18:15.708574000 AEST","-22","15","144.444","0"
"44","Jul  2, 2020 22:18:15.717139000 AEST","-19","13","115.556","0"
"45","Jul  2, 2020 22:18:16.140577000 AEST","-23","15","144.444","0"
"46","Jul  2, 2020 22:18:16.374670000 AEST","-31","15","144.444","0"
"47","Jul  2, 2020 22:18:16.382329000 AEST","-30","15","144.444","0"
"48","Jul  2, 2020 22:18:16.382597000 AEST","-30","15","144.444","0"
"49","Jul  2, 2020 22:18:16.816396000 AEST","-26","15","144.444","0"
"50","Jul  2, 2020 22:18:17.140379000 AEST","-28","15","144.444","0"
"51","Jul  2, 2020 22:18:17.436622000 AEST","-31","15","144.444","0"
"52","Jul  2, 2020 22:18:17.556534000 AEST","-34","15","144.444","0"
"53","Jul  2, 2020 22:18:17.678513000 AEST","-33","15","144.444","0"
"54","Jul  2, 2020 22:18:17.876531000 AEST","-30","15","144.444","0"
"55","Jul  2, 2020 22:18:18.140871000 AEST","-33","15","144.444","0"
"56","Jul  2, 2020 22:18:18.326299000 AEST","-33","15","144.444","0"
"57","Jul  2, 2020 22:18:18.500208000 AEST","-35","15","144.444","0"
"58","Jul  2, 2020 22:18:18.500434000 AEST","-35","15","144.444","0"
"59","Jul  2, 2020 22:18:19.143715000 AEST","-35","15","144.444","0"
"60","Jul  2, 2020 22:18:19.477029000 AEST","-33","15","144.444","0"
"61","Jul  2, 2020 22:18:19.477221000 AEST","-33","15","144.444","0"
"62","Jul  2, 2020 22:18:19.477446000 AEST","-30","13","115.556","0"
"63","Jul  2, 2020 22:18:19.781511000 AEST","-35","15","144.444","0"
"64","Jul  2, 2020 22:18:20.091422000 AEST","-30","15","144.444","0"
"65","Jul  2, 2020 22:18:20.147447000 AEST","-29","15","144.444","0"
"66","Jul  2, 2020 22:18:20.695431000 AEST","-32","15","144.444","0"
"67","Jul  2, 2020 22:18:20.712521000 AEST","-32","15","144.444","0"
"68","Jul  2, 2020 22:18:21.150221000 AEST","-34","15","144.444","0"
"69","Jul  2, 2020 22:18:21.825598000 AEST","-38","15","144.444","0"
"70","Jul  2, 2020 22:18:22.056578000 AEST","-41","15","144.444","0"
"71","Jul  2, 2020 22:18:22.081591000 AEST","-42","15","144.444","0"
"72","Jul  2, 2020 22:18:22.152088000 AEST","-40","15","144.444","0"
"73","Jul  2, 2020 22:18:22.698711000 AEST","-39","15","144.444","0"
"74","Jul  2, 2020 22:18:23.154274000 AEST","-39","15","144.444","0"
"75","Jul  2, 2020 22:18:23.608544000 AEST","-44","15","144.444","0"
"76","Jul  2, 2020 22:18:23.794565000 AEST","-41","15","144.444","0"
"77","Jul  2, 2020 22:18:23.965410000 AEST","-42","15","144.444","0"
"78","Jul  2, 2020 22:18:24.104522000 AEST","-43","15","144.444","0"
"79","Jul  2, 2020 22:18:24.155583000 AEST","-41","15","144.444","0"
"80","Jul  2, 2020 22:18:24.406390000 AEST","-41","15","144.444","0"
"81","Jul  2, 2020 22:18:25.157201000 AEST","-40","15","144.444","0"
"82","Jul  2, 2020 22:18:25.611715000 AEST","-39","15","144.444","0"
"83","Jul  2, 2020 22:18:25.611968000 AEST","-39","15","144.444","0"
"84","Jul  2, 2020 22:18:25.613605000 AEST","-39","15","144.444","0"
"85","Jul  2, 2020 22:18:26.162402000 AEST","-40","15","144.444","0"
"86","Jul  2, 2020 22:18:26.215529000 AEST","-40","15","144.444","0"
"87","Jul  2, 2020 22:18:26.377144000 AEST","-43","15","144.444","0"
"88","Jul  2, 2020 22:18:26.557467000 AEST","-44","15","144.444","0"
"89","Jul  2, 2020 22:18:26.934517000 AEST","-42","15","144.444","0"
"90","Jul  2, 2020 22:18:27.167208000 AEST","-42","15","144.444","0"
"91","Jul  2, 2020 22:18:27.216424000 AEST","-42","15","144.444","0"
"92","Jul  2, 2020 22:18:27.609897000 AEST","-41","15","144.444","0"
"93","Jul  2, 2020 22:18:27.762552000 AEST","-40","15","144.444","0"
"94","Jul  2, 2020 22:18:27.856452000 AEST","-39","15","144.444","0"
"95","Jul  2, 2020 22:18:27.973671000 AEST","-40","15","144.444","0"
"96","Jul  2, 2020 22:18:28.161385000 AEST","-40","15","144.444","0"
"97","Jul  2, 2020 22:18:28.168813000 AEST","-40","15","144.444","0"
"98","Jul  2, 2020 22:18:28.866536000 AEST","-47","15","144.444","0"
"99","Jul  2, 2020 22:18:29.173964000 AEST","-46","15","144.444","0"
"100","Jul  2, 2020 22:18:30.179141000 AEST","-43","15","144.444","0"
"101","Jul  2, 2020 22:18:31.184373000 AEST","-44","15","144.444","0"
"102","Jul  2, 2020 22:18:32.188669000 AEST","-48","15","144.444","0"
"103","Jul  2, 2020 22:18:33.193023000 AEST","-50","15","144.444","0"
"104","Jul  2, 2020 22:18:33.549148000 AEST","-43","15","144.444","0"
"105","Jul  2, 2020 22:18:34.196782000 AEST","-47","15","144.444","0"
"106","Jul  2, 2020 22:18:35.199997000 AEST","-50","15","144.444","0"
"107","Jul  2, 2020 22:18:36.201979000 AEST","-50","15","144.444","0"
"108","Jul  2, 2020 22:18:37.204738000 AEST","-51","15","144.444","0"
"109","Jul  2, 2020 22:18:38.209569000 AEST","-50","15","144.444","0"
"110","Jul  2, 2020 22:18:39.212375000 AEST","-51","15","144.444","0"
"111","Jul  2, 2020 22:18:40.215551000 AEST","-52","15","144.444","0"
"112","Jul  2, 2020 22:18:41.219103000 AEST","-47","15","144.444","0"
"113","Jul  2, 2020 22:18:41.843785000 AEST","-50","15","144.444","0"
"114","Jul  2, 2020 22:18:41.844113000 AEST",,"15","144.444","1"
"115","Jul  2, 2020 22:18:41.844119000 AEST","-50","15","144.444","1"
"116","Jul  2, 2020 22:18:41.879942000 AEST","-50","15","144.444","0"
"117","Jul  2, 2020 22:18:42.221354000 AEST","-52","15","144.444","0"
"118","Jul  2, 2020 22:18:42.637802000 AEST","-54","15","144.444","0"
"119","Jul  2, 2020 22:18:42.840548000 AEST","-54","15","144.444","0"
"120","Jul  2, 2020 22:18:43.223116000 AEST","-53","15","144.444","0"
"121","Jul  2, 2020 22:18:43.266537000 AEST","-52","15","144.444","0"
"122","Jul  2, 2020 22:18:43.938625000 AEST","-52","15","144.444","0"
"123","Jul  2, 2020 22:18:44.226083000 AEST","-53","15","144.444","0"
"124","Jul  2, 2020 22:18:45.120512000 AEST","-53","15","144.444","0"
"125","Jul  2, 2020 22:18:45.120879000 AEST","-53","15","144.444","0"
"126","Jul  2, 2020 22:18:45.229356000 AEST","-57","15","144.444","0"
"127","Jul  2, 2020 22:18:45.529895000 AEST","-57","15","144.444","0"
"128","Jul  2, 2020 22:18:45.530248000 AEST",,"15","144.444","1"
"129","Jul  2, 2020 22:18:45.530255000 AEST","-57","15","144.444","1"
"130","Jul  2, 2020 22:18:45.939780000 AEST","-54","15","144.444","0"
"131","Jul  2, 2020 22:18:46.233233000 AEST","-57","15","144.444","0"
"132","Jul  2, 2020 22:18:46.296468000 AEST","-57","15","144.444","0"
"133","Jul  2, 2020 22:18:46.308481000 AEST","-57","15","144.444","0"
"134","Jul  2, 2020 22:18:47.145532000 AEST","-57","15","144.444","0"
"135","Jul  2, 2020 22:18:47.233964000 AEST","-57","15","144.444","0"
"136","Jul  2, 2020 22:18:47.625538000 AEST","-57","15","144.444","0"
"137","Jul  2, 2020 22:18:48.238596000 AEST","-52","15","144.444","0"
"138","Jul  2, 2020 22:18:48.466585000 AEST","-55","15","144.444","0"
"139","Jul  2, 2020 22:18:49.243197000 AEST","-54","15","144.444","0"
"140","Jul  2, 2020 22:18:49.860580000 AEST","-55","15","144.444","0"
"141","Jul  2, 2020 22:18:50.240336000 AEST","-60","15","144.444","0"
"142","Jul  2, 2020 22:18:50.247221000 AEST","-60","15","144.444","0"
"143","Jul  2, 2020 22:18:51.077802000 AEST","-50","13","115.556","0"
"144","Jul  2, 2020 22:18:51.198634000 AEST","-53","15","144.444","0"
"145","Jul  2, 2020 22:18:51.250542000 AEST","-53","15","144.444","0"
"146","Jul  2, 2020 22:18:52.252223000 AEST","-59","15","144.444","0"
"147","Jul  2, 2020 22:18:52.253582000 AEST","-59","15","144.444","0"
"148","Jul  2, 2020 22:18:52.698090000 AEST","-60","15","144.444","0"
"149","Jul  2, 2020 22:18:53.068975000 AEST","-57","13","115.556","0"
"150","Jul  2, 2020 22:18:53.256894000 AEST","-63","15","144.444","0"
"151","Jul  2, 2020 22:18:53.489557000 AEST","-57","15","144.444","0"
"152","Jul  2, 2020 22:18:53.489749000 AEST","-58","15","144.444","0"
"153","Jul  2, 2020 22:18:53.884009000 AEST","-57","15","144.444","0"
"154","Jul  2, 2020 22:18:53.884292000 AEST","-56","15","144.444","0"
"155","Jul  2, 2020 22:18:53.884737000 AEST","-57","15","144.444","0"
"156","Jul  2, 2020 22:18:54.262821000 AEST","-60","15","144.444","0"
"157","Jul  2, 2020 22:18:55.021565000 AEST","-57","15","144.444","0"
"158","Jul  2, 2020 22:18:55.262215000 AEST","-56","15","144.444","0"
"159","Jul  2, 2020 22:18:56.267441000 AEST","-57","15","144.444","0"
"160","Jul  2, 2020 22:18:56.267647000 AEST","-57","15","144.444","0"
"161","Jul  2, 2020 22:18:57.075565000 AEST","-62","15","144.444","0"
"162","Jul  2, 2020 22:18:57.075788000 AEST","-62","15","144.444","0"
"163","Jul  2, 2020 22:18:57.267831000 AEST","-62","15","144.444","0"
"164","Jul  2, 2020 22:18:58.271857000 AEST","-64","15","144.444","0"
"165","Jul  2, 2020 22:18:58.397006000 AEST","-63","15","144.444","0"
"166","Jul  2, 2020 22:18:58.739719000 AEST","-62","15","144.444","0"
"167","Jul  2, 2020 22:18:58.926717000 AEST","-60","15","144.444","0"
"168","Jul  2, 2020 22:18:58.926982000 AEST","-57","13","115.556","0"
"169","Jul  2, 2020 22:18:58.934796000 AEST","-60","15","144.444","0"
"170","Jul  2, 2020 22:18:58.935500000 AEST","-60","14","130","0"
"171","Jul  2, 2020 22:18:58.944042000 AEST","-60","14","130","0"
"172","Jul  2, 2020 22:18:58.965648000 AEST","-60","14","130","0"
"173","Jul  2, 2020 22:18:58.965924000 AEST","-57","12","86.6667","0"
"174","Jul  2, 2020 22:18:58.972010000 AEST","-57","12","86.6667","0"
"175","Jul  2, 2020 22:18:58.974499000 AEST","-60","13","115.556","0"
"176","Jul  2, 2020 22:18:58.974767000 AEST","-60","13","115.556","0"
"177","Jul  2, 2020 22:18:58.975077000 AEST","-56","4","43.3333","0"
"178","Jul  2, 2020 22:18:59.136485000 AEST","-58","13","115.556","0"
"179","Jul  2, 2020 22:18:59.187516000 AEST","-60","13","115.556","0"
"180","Jul  2, 2020 22:18:59.188316000 AEST","-60","13","115.556","0"
"181","Jul  2, 2020 22:18:59.239696000 AEST","-61","13","115.556","0"
"182","Jul  2, 2020 22:18:59.240374000 AEST","-61","13","115.556","0"
"183","Jul  2, 2020 22:18:59.275657000 AEST","-61","13","115.556","0"
"184","Jul  2, 2020 22:18:59.277513000 AEST","-61","13","115.556","0"
"185","Jul  2, 2020 22:18:59.278573000 AEST","-61","13","115.556","0"
"186","Jul  2, 2020 22:18:59.294575000 AEST","-60","13","115.556","0"
"187","Jul  2, 2020 22:18:59.315738000 AEST","-59","13","115.556","0"
"188","Jul  2, 2020 22:18:59.338804000 AEST","-59","13","115.556","0"
"189","Jul  2, 2020 22:18:59.353773000 AEST","-59","13","115.556","0"
"190","Jul  2, 2020 22:18:59.367456000 AEST","-58","13","115.556","0"
"191","Jul  2, 2020 22:18:59.370736000 AEST","-58","13","115.556","0"
"192","Jul  2, 2020 22:18:59.372660000 AEST","-58","13","115.556","0"
"193","Jul  2, 2020 22:18:59.376268000 AEST","-58","13","115.556","0"
"194","Jul  2, 2020 22:18:59.376801000 AEST","-58","13","115.556","0"
"195","Jul  2, 2020 22:18:59.378029000 AEST","-58","13","115.556","0"
"196","Jul  2, 2020 22:18:59.382569000 AEST","-58","13","115.556","0"
"197","Jul  2, 2020 22:18:59.383547000 AEST","-58","13","115.556","0"
"198","Jul  2, 2020 22:18:59.417545000 AEST","-58","13","115.556","0"
"199","Jul  2, 2020 22:18:59.418534000 AEST","-58","13","115.556","0"
"200","Jul  2, 2020 22:18:59.445722000 AEST","-58","13","115.556","0"
"201","Jul  2, 2020 22:18:59.445996000 AEST","-58","13","115.556","0"
"202","Jul  2, 2020 22:18:59.446289000 AEST","-58","13","115.556","0"
"203","Jul  2, 2020 22:18:59.450174000 AEST","-58","13","115.556","0"
"204","Jul  2, 2020 22:18:59.450551000 AEST","-58","13","115.556","0"
"205","Jul  2, 2020 22:18:59.450921000 AEST","-58","13","115.556","0"
"206","Jul  2, 2020 22:18:59.575490000 AEST","-58","13","115.556","0"
"207","Jul  2, 2020 22:18:59.622434000 AEST","-59","13","115.556","0"
"208","Jul  2, 2020 22:18:59.623266000 AEST","-59","13","115.556","0"
"209","Jul  2, 2020 22:18:59.642618000 AEST","-59","13","115.556","0"
"210","Jul  2, 2020 22:18:59.780052000 AEST","-60","13","115.556","0"
"211","Jul  2, 2020 22:18:59.781557000 AEST","-60","13","115.556","0"
"212","Jul  2, 2020 22:18:59.799470000 AEST","-60","13","115.556","0"
"213","Jul  2, 2020 22:18:59.823995000 AEST","-61","13","115.556","0"
"214","Jul  2, 2020 22:18:59.866491000 AEST","-61","13","115.556","0"
"215","Jul  2, 2020 22:18:59.957504000 AEST","-62","13","115.556","0"
"216","Jul  2, 2020 22:19:00.028095000 AEST","-64","13","115.556","0"
"217","Jul  2, 2020 22:19:00.028496000 AEST","-64","13","115.556","0"
"218","Jul  2, 2020 22:19:00.233565000 AEST","-61","13","115.556","0"
"219","Jul  2, 2020 22:19:00.245374000 AEST","-62","13","115.556","0"
"220","Jul  2, 2020 22:19:00.276815000 AEST","-63","13","115.556","0"
"221","Jul  2, 2020 22:19:00.577511000 AEST","-63","13","115.556","0"
"222","Jul  2, 2020 22:19:00.577867000 AEST","-63","13","115.556","0"
"223","Jul  2, 2020 22:19:00.579465000 AEST","-62","13","115.556","0"
"224","Jul  2, 2020 22:19:00.592457000 AEST","-63","13","115.556","0"
"225","Jul  2, 2020 22:19:00.634272000 AEST","-63","13","115.556","0"
"226","Jul  2, 2020 22:19:00.642497000 AEST","-63","13","115.556","0"
"227","Jul  2, 2020 22:19:00.815625000 AEST","-63","13","115.556","0"
"228","Jul  2, 2020 22:19:00.828996000 AEST","-63","13","115.556","0"
"229","Jul  2, 2020 22:19:00.829381000 AEST","-63","13","115.556","0"
"230","Jul  2, 2020 22:19:00.965705000 AEST","-62","13","115.556","0"
"231","Jul  2, 2020 22:19:00.965932000 AEST","-63","13","115.556","0"
"232","Jul  2, 2020 22:19:00.975465000 AEST","-63","13","115.556","0"
"233","Jul  2, 2020 22:19:01.277047000 AEST","-65","13","115.556","0"
"234","Jul  2, 2020 22:19:01.366998000 AEST","-64","13","115.556","0"
"235","Jul  2, 2020 22:19:01.377868000 AEST","-65","13","115.556","0"
"236","Jul  2, 2020 22:19:01.397067000 AEST","-65","13","115.556","0"
"237","Jul  2, 2020 22:19:01.527657000 AEST","-63","13","115.556","0"
"238","Jul  2, 2020 22:19:01.527896000 AEST","-63","13","115.556","0"
"239","Jul  2, 2020 22:19:01.528147000 AEST","-63","13","115.556","0"
"240","Jul  2, 2020 22:19:02.094511000 AEST","-62","13","115.556","0"
"241","Jul  2, 2020 22:19:02.280967000 AEST","-64","13","115.556","0"
"242","Jul  2, 2020 22:19:02.588759000 AEST","-64","13","115.556","0"
"243","Jul  2, 2020 22:19:02.701162000 AEST","-65","13","115.556","0"
"244","Jul  2, 2020 22:19:02.865673000 AEST","-63","13","115.556","0"
"245","Jul  2, 2020 22:19:02.870111000 AEST","-63","13","115.556","0"
"246","Jul  2, 2020 22:19:03.091397000 AEST","-61","13","115.556","0"
"247","Jul  2, 2020 22:19:03.146456000 AEST","-61","13","115.556","0"
"248","Jul  2, 2020 22:19:03.171435000 AEST","-61","13","115.556","0"
"249","Jul  2, 2020 22:19:03.282954000 AEST","-63","13","115.556","0"
"250","Jul  2, 2020 22:19:03.359935000 AEST","-60","13","115.556","0"
"251","Jul  2, 2020 22:19:03.479535000 AEST","-62","13","115.556","0"
"252","Jul  2, 2020 22:19:03.662242000 AEST","-63","13","115.556","0"
"253","Jul  2, 2020 22:19:03.861491000 AEST","-61","13","115.556","0"
"254","Jul  2, 2020 22:19:04.286825000 AEST","-65","13","115.556","0"
"255","Jul  2, 2020 22:19:04.380425000 AEST","-64","14","130","0"
"256","Jul  2, 2020 22:19:04.622823000 AEST","-66","14","130","0"
"257","Jul  2, 2020 22:19:04.631211000 AEST","-67","14","130","0"
"258","Jul  2, 2020 22:19:05.289301000 AEST","-62","12","86.6667","0"
"259","Jul  2, 2020 22:19:05.422138000 AEST","-68","14","130","0"
"260","Jul  2, 2020 22:19:05.424406000 AEST","-65","12","86.6667","0"
"261","Jul  2, 2020 22:19:05.872955000 AEST","-68","4","43.3333","0"
"262","Jul  2, 2020 22:19:05.995522000 AEST","-64","13","115.556","0"
"263","Jul  2, 2020 22:19:05.995773000 AEST","-64","13","115.556","0"
"264","Jul  2, 2020 22:19:06.292480000 AEST","-68","13","115.556","0"
"265","Jul  2, 2020 22:19:07.072186000 AEST","-62","13","115.556","0"
"266","Jul  2, 2020 22:19:07.246869000 AEST","-69","13","115.556","0"
"267","Jul  2, 2020 22:19:07.247327000 AEST","-69","13","115.556","0"
"268","Jul  2, 2020 22:19:07.247605000 AEST","-69","13","115.556","0"
"269","Jul  2, 2020 22:19:07.294398000 AEST","-67","13","115.556","0"
"270","Jul  2, 2020 22:19:07.869507000 AEST","-69","13","115.556","0"
"271","Jul  2, 2020 22:19:07.946832000 AEST","-66","4","43.3333","0"
"272","Jul  2, 2020 22:19:07.948736000 AEST","-68","13","115.556","0"
"273","Jul  2, 2020 22:19:07.948976000 AEST","-66","4","43.3333","0"
"274","Jul  2, 2020 22:19:07.989490000 AEST","-69","12","86.6667","0"
"275","Jul  2, 2020 22:19:08.298269000 AEST","-70","12","86.6667","0"
"276","Jul  2, 2020 22:19:08.756516000 AEST","-67","12","86.6667","0"
"277","Jul  2, 2020 22:19:09.116469000 AEST","-68","12","86.6667","0"
"278","Jul  2, 2020 22:19:09.301944000 AEST","-68","12","86.6667","0"
"279","Jul  2, 2020 22:19:09.385542000 AEST","-68","12","86.6667","0"
"280","Jul  2, 2020 22:19:09.696594000 AEST","-68","12","86.6667","0"
"281","Jul  2, 2020 22:19:10.306847000 AEST","-70","7","72.2222","0"
"282","Jul  2, 2020 22:19:10.771323000 AEST","-69","12","86.6667","0"
"283","Jul  2, 2020 22:19:10.773495000 AEST","-70","12","86.6667","0"
"284","Jul  2, 2020 22:19:10.773697000 AEST","-70","12","86.6667","0"
"285","Jul  2, 2020 22:19:10.773989000 AEST","-69","12","86.6667","0"
"286","Jul  2, 2020 22:19:10.927747000 AEST","-70","12","86.6667","0"
"287","Jul  2, 2020 22:19:10.928035000 AEST","-70","12","86.6667","0"
"288","Jul  2, 2020 22:19:10.929931000 AEST","-69","12","86.6667","0"
"289","Jul  2, 2020 22:19:11.278220000 AEST","-69","12","86.6667","0"
"290","Jul  2, 2020 22:19:11.309392000 AEST","-69","12","86.6667","0"
"291","Jul  2, 2020 22:19:11.377757000 AEST","-69","12","86.6667","0"
"292","Jul  2, 2020 22:19:11.539451000 AEST","-69","12","86.6667","0"
"293","Jul  2, 2020 22:19:11.717456000 AEST","-69","12","86.6667","0"
"294","Jul  2, 2020 22:19:12.099394000 AEST","-69","12","86.6667","0"
"295","Jul  2, 2020 22:19:12.310853000 AEST","-69","12","86.6667","0"
"296","Jul  2, 2020 22:19:12.377604000 AEST","-69","12","86.6667","0"
"297","Jul  2, 2020 22:19:12.867524000 AEST","-69","12","86.6667","0"
"298","Jul  2, 2020 22:19:12.917436000 AEST","-69","12","86.6667","0"
"299","Jul  2, 2020 22:19:12.987531000 AEST","-69","12","86.6667","0"
"300","Jul  2, 2020 22:19:13.315005000 AEST","-69","12","86.6667","0"
"301","Jul  2, 2020 22:19:14.317587000 AEST","-69","12","86.6667","0"
"302","Jul  2, 2020 22:19:15.321173000 AEST","-70","12","86.6667","0"
"303","Jul  2, 2020 22:19:16.323492000 AEST","-70","12","86.6667","0"
"304","Jul  2, 2020 22:19:17.327215000 AEST","-69","12","86.6667","0"
"305","Jul  2, 2020 22:19:18.330329000 AEST","-70","12","86.6667","0"
"306","Jul  2, 2020 22:19:19.332622000 AEST","-67","4","43.3333","0"
"307","Jul  2, 2020 22:19:20.333238000 AEST","-66","4","43.3333","0"
"308","Jul  2, 2020 22:19:21.334301000 AEST","-67","4","43.3333","0"
"309","Jul  2, 2020 22:19:22.337046000 AEST","-70","12","86.6667","0"
"310","Jul  2, 2020 22:19:23.338494000 AEST","-69","12","86.6667","0"
"311","Jul  2, 2020 22:19:24.340992000 AEST","-66","12","86.6667","0"
"312","Jul  2, 2020 22:19:24.341211000 AEST","-66","12","86.6667","0"
"313","Jul  2, 2020 22:19:25.341436000 AEST","-67","12","86.6667","0"
"314","Jul  2, 2020 22:19:26.342865000 AEST","-69","12","86.6667","0"
"315","Jul  2, 2020 22:19:26.461686000 AEST","-64","12","86.6667","0"
"316","Jul  2, 2020 22:19:26.463801000 AEST","-63","12","86.6667","0"
"317","Jul  2, 2020 22:19:26.524190000 AEST","-65","7","72.2222","0"
"318","Jul  2, 2020 22:19:26.828110000 AEST","-67","12","86.6667","0"
"319","Jul  2, 2020 22:19:26.829941000 AEST","-68","12","86.6667","0"
"320","Jul  2, 2020 22:19:27.104900000 AEST","-67","12","86.6667","0"
"321","Jul  2, 2020 22:19:27.177447000 AEST","-67","12","86.6667","0"
"322","Jul  2, 2020 22:19:27.346524000 AEST","-67","12","86.6667","0"
"323","Jul  2, 2020 22:19:27.545585000 AEST","-65","12","86.6667","0"
"324","Jul  2, 2020 22:19:27.551446000 AEST","-65","12","86.6667","0"
"325","Jul  2, 2020 22:19:27.557492000 AEST","-65","12","86.6667","0"
"326","Jul  2, 2020 22:19:27.815450000 AEST","-70","12","86.6667","0"
"327","Jul  2, 2020 22:19:28.017495000 AEST","-66","12","86.6667","0"
"328","Jul  2, 2020 22:19:28.350953000 AEST","-66","12","86.6667","0"
"329","Jul  2, 2020 22:19:28.442497000 AEST","-67","12","86.6667","0"
"330","Jul  2, 2020 22:19:28.471446000 AEST","-66","12","86.6667","0"
"331","Jul  2, 2020 22:19:28.743053000 AEST","-69","12","86.6667","0"
"332","Jul  2, 2020 22:19:29.118586000 AEST","-64","12","86.6667","0"
"333","Jul  2, 2020 22:19:29.352175000 AEST","-60","12","86.6667","0"
"334","Jul  2, 2020 22:19:30.356250000 AEST","-59","12","86.6667","0"
"335","Jul  2, 2020 22:19:30.460652000 AEST","-60","12","86.6667","0"
"336","Jul  2, 2020 22:19:31.363060000 AEST","-65","12","86.6667","0"
"337","Jul  2, 2020 22:19:32.363468000 AEST","-64","12","86.6667","0"
"338","Jul  2, 2020 22:19:32.899099000 AEST","-61","12","86.6667","0"
"339","Jul  2, 2020 22:19:33.369027000 AEST","-61","12","86.6667","0"
"340","Jul  2, 2020 22:19:33.637519000 AEST","-62","12","86.6667","0"
"341","Jul  2, 2020 22:19:34.374824000 AEST","-65","13","115.556","0"
"342","Jul  2, 2020 22:19:35.018550000 AEST","-67","13","115.556","0"
"343","Jul  2, 2020 22:19:35.106606000 AEST","-67","13","115.556","0"
"344","Jul  2, 2020 22:19:35.306520000 AEST","-62","13","115.556","0"
"345","Jul  2, 2020 22:19:35.343498000 AEST","-62","13","115.556","0"
"346","Jul  2, 2020 22:19:35.375867000 AEST","-63","13","115.556","0"
"347","Jul  2, 2020 22:19:36.096363000 AEST","-62","13","115.556","0"
"348","Jul  2, 2020 22:19:36.206567000 AEST","-61","13","115.556","0"
"349","Jul  2, 2020 22:19:36.206847000 AEST","-58","4","43.3333","0"
"350","Jul  2, 2020 22:19:36.382264000 AEST","-63","13","115.556","0"
"351","Jul  2, 2020 22:19:37.382774000 AEST","-59","13","115.556","0"
"352","Jul  2, 2020 22:19:38.164087000 AEST","-59","13","115.556","0"
"353","Jul  2, 2020 22:19:38.385386000 AEST","-60","13","115.556","0"
"354","Jul  2, 2020 22:19:38.646568000 AEST","-62","13","115.556","0"
"355","Jul  2, 2020 22:19:39.040728000 AEST","-62","13","115.556","0"
"356","Jul  2, 2020 22:19:39.040744000 AEST","-63","13","115.556","0"
"357","Jul  2, 2020 22:19:39.392443000 AEST","-58","13","115.556","0"
"358","Jul  2, 2020 22:19:39.404004000 AEST","-57","13","115.556","0"
"359","Jul  2, 2020 22:19:39.405845000 AEST","-57","13","115.556","0"
"360","Jul  2, 2020 22:19:39.448001000 AEST","-55","13","115.556","0"
"361","Jul  2, 2020 22:19:40.178572000 AEST","-57","13","115.556","0"
"362","Jul  2, 2020 22:19:40.393942000 AEST","-62","13","115.556","0"
"363","Jul  2, 2020 22:19:40.928841000 AEST","-58","13","115.556","0"
"364","Jul  2, 2020 22:19:40.929330000 AEST",,"13","115.556","1"
"365","Jul  2, 2020 22:19:40.929343000 AEST",,"13","115.556","1"
"366","Jul  2, 2020 22:19:40.929348000 AEST","-59","13","115.556","1"
"367","Jul  2, 2020 22:19:40.959904000 AEST","-59","13","115.556","0"
"368","Jul  2, 2020 22:19:41.046392000 AEST","-61","13","115.556","0"
"369","Jul  2, 2020 22:19:41.048213000 AEST","-61","13","115.556","0"
"370","Jul  2, 2020 22:19:41.077102000 AEST","-61","13","115.556","0"
"371","Jul  2, 2020 22:19:41.104111000 AEST","-61","13","115.556","0"
"372","Jul  2, 2020 22:19:41.399684000 AEST","-59","13","115.556","0"
"373","Jul  2, 2020 22:19:41.400188000 AEST","-59","13","115.556","0"
"374","Jul  2, 2020 22:19:41.603237000 AEST","-58","14","130","0"
"375","Jul  2, 2020 22:19:42.213182000 AEST","-62","14","130","0"
"376","Jul  2, 2020 22:19:42.213653000 AEST","-62","14","130","0"
"377","Jul  2, 2020 22:19:42.232442000 AEST","-62","14","130","0"
"378","Jul  2, 2020 22:19:42.241318000 AEST","-61","14","130","0"
"379","Jul  2, 2020 22:19:42.400692000 AEST","-56","14","130","0"
"380","Jul  2, 2020 22:19:42.669652000 AEST","-58","14","130","0"
"381","Jul  2, 2020 22:19:43.401528000 AEST","-58","14","130","0"
"382","Jul  2, 2020 22:19:43.567321000 AEST","-63","14","130","0"
"383","Jul  2, 2020 22:19:44.089088000 AEST","-58","14","130","0"
"384","Jul  2, 2020 22:19:44.089384000 AEST","-58","14","130","0"
"385","Jul  2, 2020 22:19:44.089636000 AEST","-58","14","130","0"
"386","Jul  2, 2020 22:19:44.308110000 AEST","-60","14","130","0"
"387","Jul  2, 2020 22:19:44.403234000 AEST","-57","14","130","0"
"388","Jul  2, 2020 22:19:44.449546000 AEST","-58","14","130","0"
"389","Jul  2, 2020 22:19:44.642452000 AEST","-60","14","130","0"
"390","Jul  2, 2020 22:19:44.768490000 AEST","-58","14","130","0"
"391","Jul  2, 2020 22:19:45.189296000 AEST","-58","14","130","0"
"392","Jul  2, 2020 22:19:45.405578000 AEST","-56","14","130","0"
"393","Jul  2, 2020 22:19:45.737271000 AEST","-53","14","130","0"
"394","Jul  2, 2020 22:19:45.782664000 AEST","-54","14","130","0"
"395","Jul  2, 2020 22:19:45.957352000 AEST","-57","14","130","0"
"396","Jul  2, 2020 22:19:45.967797000 AEST","-60","14","130","0"
"397","Jul  2, 2020 22:19:46.356007000 AEST","-54","14","130","0"
"398","Jul  2, 2020 22:19:46.356310000 AEST",,"14","130","1"
"399","Jul  2, 2020 22:19:46.356321000 AEST","-54","14","130","1"
"400","Jul  2, 2020 22:19:46.407800000 AEST","-54","14","130","0"
"401","Jul  2, 2020 22:19:46.675651000 AEST","-51","14","130","0"
"402","Jul  2, 2020 22:19:46.675914000 AEST","-52","14","130","0"
"403","Jul  2, 2020 22:19:46.685436000 AEST","-52","14","130","0"
"404","Jul  2, 2020 22:19:46.800631000 AEST","-52","14","130","0"
"405","Jul  2, 2020 22:19:46.802402000 AEST","-52","15","144.444","0"
"406","Jul  2, 2020 22:19:46.833832000 AEST","-51","15","144.444","0"
"407","Jul  2, 2020 22:19:47.410970000 AEST","-53","15","144.444","0"
"408","Jul  2, 2020 22:19:47.428357000 AEST","-53","15","144.444","0"
"409","Jul  2, 2020 22:19:47.733607000 AEST","-54","15","144.444","0"
"410","Jul  2, 2020 22:19:47.839421000 AEST","-53","15","144.444","0"
"411","Jul  2, 2020 22:19:48.008096000 AEST","-50","15","144.444","0"
"412","Jul  2, 2020 22:19:48.129425000 AEST","-50","15","144.444","0"
"413","Jul  2, 2020 22:19:48.131569000 AEST","-50","15","144.444","0"
"414","Jul  2, 2020 22:19:48.159043000 AEST","-49","15","144.444","0"
"415","Jul  2, 2020 22:19:48.237454000 AEST","-48","15","144.444","0"
"416","Jul  2, 2020 22:19:48.414434000 AEST","-48","15","144.444","0"
"417","Jul  2, 2020 22:19:48.616497000 AEST","-49","15","144.444","0"
"418","Jul  2, 2020 22:19:48.689776000 AEST","-50","15","144.444","0"
"419","Jul  2, 2020 22:19:48.690105000 AEST","-50","15","144.444","0"
"420","Jul  2, 2020 22:19:48.690381000 AEST","-50","15","144.444","0"
"421","Jul  2, 2020 22:19:48.690703000 AEST","-50","15","144.444","0"
"422","Jul  2, 2020 22:19:48.691254000 AEST",,"15","144.444","1"
"423","Jul  2, 2020 22:19:48.691346000 AEST","-50","15","144.444","1"
"424","Jul  2, 2020 22:19:48.691836000 AEST",,"15","144.444","1"
"425","Jul  2, 2020 22:19:48.691847000 AEST","-50","15","144.444","1"
"426","Jul  2, 2020 22:19:48.712460000 AEST","-51","15","144.444","0"
"427","Jul  2, 2020 22:19:48.715297000 AEST","-51","15","144.444","0"
"428","Jul  2, 2020 22:19:48.806449000 AEST","-53","15","144.444","0"
"429","Jul  2, 2020 22:19:49.417431000 AEST","-52","15","144.444","0"
"430","Jul  2, 2020 22:19:49.768768000 AEST","-52","15","144.444","0"
"431","Jul  2, 2020 22:19:50.420958000 AEST","-54","15","144.444","0"
"432","Jul  2, 2020 22:19:50.558546000 AEST","-55","15","144.444","0"
"433","Jul  2, 2020 22:19:51.136580000 AEST","-50","15","144.444","0"
"434","Jul  2, 2020 22:19:51.423807000 AEST","-51","15","144.444","0"
"435","Jul  2, 2020 22:19:51.988182000 AEST","-56","15","144.444","0"
"436","Jul  2, 2020 22:19:51.988610000 AEST",,"15","144.444","1"
"437","Jul  2, 2020 22:19:51.988622000 AEST","-56","15","144.444","1"
"438","Jul  2, 2020 22:19:52.021496000 AEST","-57","15","144.444","0"
"439","Jul  2, 2020 22:19:52.031323000 AEST","-57","15","144.444","0"
"440","Jul  2, 2020 22:19:52.136650000 AEST","-55","15","144.444","0"
"441","Jul  2, 2020 22:19:52.138362000 AEST","-54","15","144.444","0"
"442","Jul  2, 2020 22:19:52.167230000 AEST","-53","15","144.444","0"
"443","Jul  2, 2020 22:19:52.167514000 AEST","-53","15","144.444","0"
"444","Jul  2, 2020 22:19:52.289306000 AEST","-50","15","144.444","0"
"445","Jul  2, 2020 22:19:52.290927000 AEST","-50","15","144.444","0"
"446","Jul  2, 2020 22:19:52.294895000 AEST","-50","15","144.444","0"
"447","Jul  2, 2020 22:19:52.319175000 AEST","-50","15","144.444","0"
"448","Jul  2, 2020 22:19:52.388716000 AEST","-50","15","144.444","0"
"449","Jul  2, 2020 22:19:52.388882000 AEST","-50","15","144.444","0"
"450","Jul  2, 2020 22:19:52.426506000 AEST","-50","15","144.444","0"
"451","Jul  2, 2020 22:19:53.013240000 AEST","-50","15","144.444","0"
"452","Jul  2, 2020 22:19:53.430102000 AEST","-49","15","144.444","0"
"453","Jul  2, 2020 22:19:53.896428000 AEST","-48","15","144.444","0"
"454","Jul  2, 2020 22:19:54.418579000 AEST","-45","15","144.444","0"
"455","Jul  2, 2020 22:19:54.433282000 AEST","-45","15","144.444","0"
"456","Jul  2, 2020 22:19:54.754304000 AEST","-42","15","144.444","0"
"457","Jul  2, 2020 22:19:55.060197000 AEST","-47","15","144.444","0"
"458","Jul  2, 2020 22:19:55.434259000 AEST","-53","15","144.444","0"
"459","Jul  2, 2020 22:19:55.496466000 AEST","-51","15","144.444","0"
"460","Jul  2, 2020 22:19:55.498397000 AEST","-50","15","144.444","0"
"461","Jul  2, 2020 22:19:55.538383000 AEST","-48","15","144.444","0"
"462","Jul  2, 2020 22:19:55.931458000 AEST","-47","15","144.444","0"
"463","Jul  2, 2020 22:19:55.939540000 AEST","-47","15","144.444","0"
"464","Jul  2, 2020 22:19:55.939811000 AEST","-47","15","144.444","0"
"465","Jul  2, 2020 22:19:56.435002000 AEST","-48","15","144.444","0"
"466","Jul  2, 2020 22:19:56.519488000 AEST","-48","15","144.444","0"
"467","Jul  2, 2020 22:19:56.687457000 AEST","-48","15","144.444","0"
"468","Jul  2, 2020 22:19:56.856356000 AEST","-48","15","144.444","0"
"469","Jul  2, 2020 22:19:56.971009000 AEST","-44","13","115.556","0"
"470","Jul  2, 2020 22:19:56.971386000 AEST","-47","15","144.444","0"
"471","Jul  2, 2020 22:19:56.997237000 AEST","-47","15","144.444","0"
"472","Jul  2, 2020 22:19:57.238476000 AEST","-46","15","144.444","0"
"473","Jul  2, 2020 22:19:57.439211000 AEST","-48","15","144.444","0"
"474","Jul  2, 2020 22:19:57.485567000 AEST","-48","15","144.444","0"
"475","Jul  2, 2020 22:19:57.486982000 AEST","-48","15","144.444","0"
"476","Jul  2, 2020 22:19:57.490605000 AEST","-48","15","144.444","0"
"477","Jul  2, 2020 22:19:57.491572000 AEST","-48","15","144.444","0"
"478","Jul  2, 2020 22:19:57.524533000 AEST","-47","15","144.444","0"
"479","Jul  2, 2020 22:19:57.524954000 AEST","-47","15","144.444","0"
"480","Jul  2, 2020 22:19:57.697577000 AEST","-43","15","144.444","0"
"481","Jul  2, 2020 22:19:57.711542000 AEST","-42","15","144.444","0"
"482","Jul  2, 2020 22:19:57.711775000 AEST","-42","15","144.444","0"
"483","Jul  2, 2020 22:19:57.731755000 AEST","-42","15","144.444","0"
"484","Jul  2, 2020 22:19:57.836522000 AEST","-41","15","144.444","0"
"485","Jul  2, 2020 22:19:57.836847000 AEST","-41","15","144.444","0"
"486","Jul  2, 2020 22:19:57.838520000 AEST","-41","15","144.444","0"
"487","Jul  2, 2020 22:19:57.852491000 AEST","-41","15","144.444","0"
"488","Jul  2, 2020 22:19:57.866187000 AEST","-41","15","144.444","0"
"489","Jul  2, 2020 22:19:57.933221000 AEST","-40","15","144.444","0"
"490","Jul  2, 2020 22:19:57.957454000 AEST","-40","15","144.444","0"
"491","Jul  2, 2020 22:19:58.057729000 AEST","-40","15","144.444","0"
"492","Jul  2, 2020 22:19:58.094522000 AEST","-42","15","144.444","0"
"493","Jul  2, 2020 22:19:58.096298000 AEST","-42","15","144.444","0"
"494","Jul  2, 2020 22:19:58.173870000 AEST","-46","15","144.444","0"
"495","Jul  2, 2020 22:19:58.224118000 AEST","-45","15","144.444","0"
"496","Jul  2, 2020 22:19:58.441160000 AEST","-44","15","144.444","0"
"497","Jul  2, 2020 22:19:58.746630000 AEST","-43","15","144.444","0"
"498","Jul  2, 2020 22:19:59.342547000 AEST","-43","15","144.444","0"
"499","Jul  2, 2020 22:19:59.342957000 AEST",,"15","144.444","1"
"500","Jul  2, 2020 22:19:59.342965000 AEST","-43","15","144.444","1"
"501","Jul  2, 2020 22:19:59.370895000 AEST","-43","15","144.444","0"
"502","Jul  2, 2020 22:19:59.371565000 AEST","-43","15","144.444","0"
"503","Jul  2, 2020 22:19:59.372533000 AEST","-43","15","144.444","0"
"504","Jul  2, 2020 22:19:59.373342000 AEST","-43","15","144.444","0"
"505","Jul  2, 2020 22:19:59.374867000 AEST","-43","15","144.444","0"
"506","Jul  2, 2020 22:19:59.443304000 AEST","-44","15","144.444","0"
"507","Jul  2, 2020 22:19:59.629825000 AEST","-40","15","144.444","0"
"508","Jul  2, 2020 22:20:00.282583000 AEST","-43","15","144.444","0"
"509","Jul  2, 2020 22:20:00.282847000 AEST",,"15","144.444","1"
"510","Jul  2, 2020 22:20:00.282858000 AEST",,"15","144.444","1"
"511","Jul  2, 2020 22:20:00.282863000 AEST","-43","15","144.444","1"
"512","Jul  2, 2020 22:20:00.283308000 AEST",,"15","144.444","1"
"513","Jul  2, 2020 22:20:00.283319000 AEST",,"15","144.444","1"
"514","Jul  2, 2020 22:20:00.283324000 AEST","-43","15","144.444","1"
"515","Jul  2, 2020 22:20:00.311581000 AEST","-43","15","144.444","0"
"516","Jul  2, 2020 22:20:00.312028000 AEST",,"15","144.444","1"
"517","Jul  2, 2020 22:20:00.312035000 AEST",,"15","144.444","1"
"518","Jul  2, 2020 22:20:00.312038000 AEST","-43","15","144.444","1"
"519","Jul  2, 2020 22:20:00.338867000 AEST","-44","15","144.444","0"
"520","Jul  2, 2020 22:20:00.349925000 AEST","-44","15","144.444","0"
"521","Jul  2, 2020 22:20:00.446972000 AEST","-43","15","144.444","0"
"522","Jul  2, 2020 22:20:00.460015000 AEST","-43","15","144.444","0"
"523","Jul  2, 2020 22:20:00.999395000 AEST","-41","15","144.444","0"
"524","Jul  2, 2020 22:20:01.422789000 AEST","-43","15","144.444","0"
"525","Jul  2, 2020 22:20:01.423128000 AEST","-43","15","144.444","0"
"526","Jul  2, 2020 22:20:01.449336000 AEST","-44","15","144.444","0"
"527","Jul  2, 2020 22:20:01.450634000 AEST","-43","15","144.444","0"
"528","Jul  2, 2020 22:20:01.464957000 AEST","-44","15","144.444","0"
"529","Jul  2, 2020 22:20:01.471451000 AEST","-44","15","144.444","0"
"530","Jul  2, 2020 22:20:01.488503000 AEST","-44","15","144.444","0"
"531","Jul  2, 2020 22:20:01.490120000 AEST","-43","15","144.444","0"
"532","Jul  2, 2020 22:20:01.521364000 AEST","-43","15","144.444","0"
"533","Jul  2, 2020 22:20:01.586291000 AEST","-38","15","144.444","0"
"534","Jul  2, 2020 22:20:01.659441000 AEST","-36","15","144.444","0"
"535","Jul  2, 2020 22:20:01.661342000 AEST","-36","15","144.444","0"
"536","Jul  2, 2020 22:20:01.696801000 AEST","-36","15","144.444","0"
"537","Jul  2, 2020 22:20:02.125887000 AEST","-37","15","144.444","0"
"538","Jul  2, 2020 22:20:02.433071000 AEST","-39","15","144.444","0"
"539","Jul  2, 2020 22:20:02.433417000 AEST",,"15","144.444","1"
"540","Jul  2, 2020 22:20:02.433425000 AEST","-39","15","144.444","1"
"541","Jul  2, 2020 22:20:02.470527000 AEST","-39","15","144.444","0"
"542","Jul  2, 2020 22:20:02.472250000 AEST","-39","15","144.444","0"
"543","Jul  2, 2020 22:20:02.537374000 AEST","-40","15","144.444","0"
"544","Jul  2, 2020 22:20:02.539072000 AEST","-41","15","144.444","0"
"545","Jul  2, 2020 22:20:02.567149000 AEST","-40","15","144.444","0"
"546","Jul  2, 2020 22:20:03.456685000 AEST","-37","15","144.444","0"
"547","Jul  2, 2020 22:20:03.563490000 AEST","-39","15","144.444","0"
"548","Jul  2, 2020 22:20:03.565203000 AEST","-38","15","144.444","0"
"549","Jul  2, 2020 22:20:03.601399000 AEST","-38","15","144.444","0"
"550","Jul  2, 2020 22:20:04.173942000 AEST","-38","15","144.444","0"
"551","Jul  2, 2020 22:20:04.174220000 AEST",,"15","144.444","1"
"552","Jul  2, 2020 22:20:04.174234000 AEST","-38","15","144.444","1"
"553","Jul  2, 2020 22:20:04.201462000 AEST","-37","15","144.444","0"
"554","Jul  2, 2020 22:20:04.459691000 AEST","-35","15","144.444","0"
"555","Jul  2, 2020 22:20:05.464322000 AEST","-39","15","144.444","0"
"556","Jul  2, 2020 22:20:05.619427000 AEST","-37","15","144.444","0"
"557","Jul  2, 2020 22:20:05.621186000 AEST","-37","15","144.444","0"
"558","Jul  2, 2020 22:20:05.741466000 AEST","-38","15","144.444","0"
"559","Jul  2, 2020 22:20:05.741699000 AEST","-38","15","144.444","0"
"560","Jul  2, 2020 22:20:05.741892000 AEST","-35","13","115.556","0"
"561","Jul  2, 2020 22:20:06.465657000 AEST","-31","15","144.444","0"
"562","Jul  2, 2020 22:20:07.348362000 AEST","-28","15","144.444","0"
"563","Jul  2, 2020 22:20:07.348735000 AEST",,"15","144.444","1"
"564","Jul  2, 2020 22:20:07.348740000 AEST","-28","15","144.444","1"
"565","Jul  2, 2020 22:20:07.349086000 AEST","-28","15","144.444","0"
"566","Jul  2, 2020 22:20:07.469114000 AEST","-28","15","144.444","0"
"567","Jul  2, 2020 22:20:07.562971000 AEST","-28","15","144.444","0"
"568","Jul  2, 2020 22:20:07.658709000 AEST","-30","15","144.444","0"
"569","Jul  2, 2020 22:20:07.660229000 AEST","-29","15","144.444","0"
"570","Jul  2, 2020 22:20:07.793021000 AEST","-30","15","144.444","0"
"571","Jul  2, 2020 22:20:07.870352000 AEST","-31","15","144.444","0"
"572","Jul  2, 2020 22:20:07.871851000 AEST","-37","15","144.444","0"
"573","Jul  2, 2020 22:20:07.904319000 AEST","-36","15","144.444","0"
"574","Jul  2, 2020 22:20:08.103112000 AEST","-36","15","144.444","0"
"575","Jul  2, 2020 22:20:08.372202000 AEST","-34","15","144.444","0"
"576","Jul  2, 2020 22:20:08.372526000 AEST","-34","15","144.444","0"
"577","Jul  2, 2020 22:20:08.474375000 AEST","-33","15","144.444","0"
"578","Jul  2, 2020 22:20:08.509036000 AEST","-33","15","144.444","0"
"579","Jul  2, 2020 22:20:08.548508000 AEST","-33","15","144.444","0"
"580","Jul  2, 2020 22:20:08.548871000 AEST","-34","15","144.444","0"
"581","Jul  2, 2020 22:20:08.549173000 AEST","-37","15","144.444","0"
"582","Jul  2, 2020 22:20:08.549599000 AEST",,"15","144.444","1"
"583","Jul  2, 2020 22:20:08.549619000 AEST","-32","15","144.444","1"
"584","Jul  2, 2020 22:20:09.089039000 AEST","-28","15","144.444","0"
"585","Jul  2, 2020 22:20:09.089383000 AEST","-29","15","144.444","0"
"586","Jul  2, 2020 22:20:09.472840000 AEST","-31","15","144.444","0"
"587","Jul  2, 2020 22:20:09.474189000 AEST","-31","15","144.444","0"
"588","Jul  2, 2020 22:20:09.544824000 AEST","-30","15","144.444","0"
"589","Jul  2, 2020 22:20:09.555249000 AEST","-30","15","144.444","0"
"590","Jul  2, 2020 22:20:09.751462000 AEST","-30","15","144.444","0"
"591","Jul  2, 2020 22:20:10.010685000 AEST","-32","15","144.444","0"
"592","Jul  2, 2020 22:20:10.011064000 AEST",,"15","144.444","1"
"593","Jul  2, 2020 22:20:10.011088000 AEST","-32","15","144.444","1"
"594","Jul  2, 2020 22:20:10.420307000 AEST","-30","15","144.444","0"
"595","Jul  2, 2020 22:20:10.420622000 AEST",,"15","144.444","1"
"596","Jul  2, 2020 22:20:10.420630000 AEST","-30","15","144.444","1"
"597","Jul  2, 2020 22:20:10.453942000 AEST","-30","15","144.444","0"
"598","Jul  2, 2020 22:20:10.462813000 AEST","-29","15","144.444","0"
"599","Jul  2, 2020 22:20:10.477858000 AEST","-29","15","144.444","0"
"600","Jul  2, 2020 22:20:10.831112000 AEST","-27","15","144.444","0"
"601","Jul  2, 2020 22:20:10.931837000 AEST","-27","15","144.444","0"
"602","Jul  2, 2020 22:20:10.932173000 AEST","-27","15","144.444","0"
"603","Jul  2, 2020 22:20:10.961327000 AEST","-26","15","144.444","0"
"604","Jul  2, 2020 22:20:11.341808000 AEST","-23","15","144.444","0"
"605","Jul  2, 2020 22:20:11.342138000 AEST","-26","15","144.444","0"
"606","Jul  2, 2020 22:20:11.367118000 AEST","-26","15","144.444","0"
"607","Jul  2, 2020 22:20:11.392727000 AEST","-26","15","144.444","0"
"608","Jul  2, 2020 22:20:11.402116000 AEST","-26","15","144.444","0"
"609","Jul  2, 2020 22:20:11.481270000 AEST","-26","15","144.444","0"
"610","Jul  2, 2020 22:20:11.538365000 AEST","-25","15","144.444","0"
"611","Jul  2, 2020 22:20:11.609360000 AEST","-25","15","144.444","0"
"612","Jul  2, 2020 22:20:11.609594000 AEST","-25","15","144.444","0"
"613","Jul  2, 2020 22:20:11.611555000 AEST","-25","15","144.444","0"
"614","Jul  2, 2020 22:20:11.637931000 AEST","-25","15","144.444","0"
"615","Jul  2, 2020 22:20:11.741424000 AEST","-25","15","144.444","0"
"616","Jul  2, 2020 22:20:12.263685000 AEST","-26","15","144.444","0"
"617","Jul  2, 2020 22:20:12.264013000 AEST",,"15","144.444","1"
"618","Jul  2, 2020 22:20:12.264019000 AEST","-25","15","144.444","1"
"619","Jul  2, 2020 22:20:12.289468000 AEST","-25","15","144.444","0"
"620","Jul  2, 2020 22:20:12.310264000 AEST","-25","15","144.444","0"
"621","Jul  2, 2020 22:20:12.485835000 AEST","-24","15","144.444","0"
"622","Jul  2, 2020 22:20:13.491965000 AEST","-25","15","144.444","0"
"623","Jul  2, 2020 22:20:13.641541000 AEST","-25","15","144.444","0"
"624","Jul  2, 2020 22:20:14.494207000 AEST","-23","15","144.444","0"
"625","Jul  2, 2020 22:20:15.499782000 AEST","-23","15","144.444","0"
